City,Cloudiness,Country,Date,Humidity,Lat,Lng,Max Temp,Wind Speed
Nikolskoye,2,RU,1627290370,33,59.7035,30.7861,26.94,1.85
San Quintín,99,MX,1627290371,89,30.4833,-115.95,19.07,2.1
Arraial do Cabo,0,BR,1627290372,77,-22.9661,-42.0278,19.92,6.17
Kapaa,75,US,1627290374,83,22.0752,-159.319,27.18,0.89
Oranjemund,100,NA,1627290375,27,-28.55,16.4333,22.01,7.35
Channel-Port aux Basques,49,CA,1627290377,93,47.5702,-59.1367,13.44,6.09
Ayan,47,RU,1627290378,64,56.45,138.1667,21.1,2.11
Pevek,15,RU,1627290379,92,69.7008,170.3133,1.83,5.74
Port Alfred,72,ZA,1627290380,28,-33.5906,26.891,21.49,6.16
Torbay,90,CA,1627290382,98,47.6666,-52.7314,13.2,1.03
Mahébourg,20,MU,1627290372,67,-20.4081,57.7,24.58,5.67
Aksu,0,CN,1627290274,12,41.1231,80.2644,38.29,0.87
Punta Arenas,90,CL,1627290384,93,-53.15,-70.9167,2.06,2.57
Mariehamn,0,AX,1627290385,46,60.0973,19.9348,23.92,3.09
Albany,0,US,1627290386,95,42.6001,-73.9662,19.39,1.48
Provideniya,100,RU,1627290387,95,64.3833,-173.3,9.41,1.05
Grand Gaube,4,MU,1627290389,58,-20.0064,57.6608,24.65,5.36
Puerto Ayora,41,EC,1627290390,89,-0.7393,-90.3518,21.97,2.24
Joshīmath,96,IN,1627290392,89,30.5667,79.5667,26.47,2.58
Pacasmayo,3,PE,1627290111,93,-7.4006,-79.5714,17.67,3.02
Dikson,70,RU,1627290392,90,73.5069,80.5464,6.03,1.46
Atuona,30,PF,1627290393,70,-9.8,-139.0333,25.76,10.6
New Norfolk,91,AU,1627290395,67,-42.7826,147.0587,12.54,1.34
Hong Kong,80,HK,1627290239,79,22.2855,114.1577,34.03,3.13
Marawi,100,PH,1627290395,75,7.9986,124.2928,24.9,2.93
Hithadhoo,97,MV,1627290396,75,-0.6,73.0833,27.95,4.39
Port Hardy,53,CA,1627290135,95,50.6996,-127.4199,13.79,1.33
Lebu,5,CL,1627290396,78,-37.6167,-73.65,6.21,5.95
Ancud,60,CL,1627290397,73,-41.8697,-73.8203,1.74,3.61
Mossamedes,0,AO,1627290399,38,-15.1961,12.1522,27.51,1.48
Busselton,90,AU,1627290400,78,-33.65,115.3333,16.14,11.68
Agadez,91,NE,1627290401,18,19.75,10.25,34.33,0.97
Vaini,75,TO,1627290402,94,-21.2,-175.2,22.09,0.51
Amga,1,RU,1627290403,47,60.8953,131.9608,26.04,2.02
Upington,33,ZA,1627290405,32,-28.4478,21.2561,16.25,11.55
Kuybyshevo,100,RU,1627290406,49,47.8123,38.9073,26.72,4.3
Carnarvon,40,AU,1627290318,70,-24.8667,113.6333,21.04,6.17
Hobart,20,AU,1627289745,69,-42.8794,147.3294,12.73,0.45
Qaanaaq,91,GL,1627290408,65,77.484,-69.3632,3.8,3.14
Thompson,21,CA,1627290409,60,55.7435,-97.8558,6.85,1.7
Barrow,90,US,1627290410,99,71.2906,-156.7887,3.01,3.6
Ushuaia,90,AR,1627290367,75,-54.8,-68.3,0.81,4.63
Garoowe,69,SO,1627290412,35,8.4054,48.4845,30.1,14.12
Kruisfontein,100,ZA,1627290414,22,-34.0033,24.7314,22.71,8.08
Camrose,99,CA,1627290415,95,53.0168,-112.8353,13.55,1.91
Oistins,40,BB,1627290416,83,13.0667,-59.5333,26.05,5.14
Lydenburg,0,ZA,1627290270,31,-25.0978,30.4597,12.44,1.25
Mataura,100,NZ,1627290180,99,-46.1927,168.8643,8.6,1.5
Khatanga,36,RU,1627290418,42,71.9667,102.5,21.15,1.52
Bilma,98,NE,1627290419,45,18.6853,12.9164,32.04,4.12
Rikitea,79,PF,1627290420,78,-23.1203,-134.9692,22.36,5.65
Sulangan,90,PH,1627290422,72,11.1373,123.7228,30.08,9.47
Bubaque,72,GW,1627290422,80,11.2833,-15.8333,26.03,1.11
Omsukchan,100,RU,1627290423,99,62.5333,155.8,11.09,3.19
Lubango,1,AO,1627290425,32,-14.9172,13.4925,18.75,4.73
Jamestown,75,US,1627290426,97,42.097,-79.2353,20.04,1.53
Kalmunai,53,LK,1627290355,61,7.4167,81.8167,30.92,5.4
Pisco,1,PE,1627290242,88,-13.7,-76.2167,13.34,0.6
Tasiilaq,0,GL,1627290427,81,65.6145,-37.6368,7.09,0.37
La Romana,17,DO,1627290429,92,18.4273,-68.9728,23.85,2.69
Petropavlovka,70,RU,1627290430,53,50.6114,105.3196,23.28,3.13
Cabo San Lucas,7,MX,1627290430,70,22.8909,-109.9124,28.12,0.45
Geraldton,75,AU,1627290431,83,-28.7667,114.6,20.23,10.8
Wittenheim,64,FR,1627290431,77,47.8078,7.337,24.2,2.83
Koutsouras,0,GR,1627290432,54,35.0339,25.9469,28.56,6.66
Thanh Hoa,66,VN,1627290434,71,19.8,105.7667,31.86,1.87
Tessalit,86,ML,1627290434,32,20.1986,1.0114,33.93,5.41
Cape Town,100,ZA,1627290140,30,-33.9258,18.4232,20.19,4.25
Cidreira,100,BR,1627290435,90,-30.1811,-50.2056,17.81,1.17
Saint Paul Harbor,42,US,1627290196,92,57.79,-152.4072,10.18,2.52
Richards Bay,0,ZA,1627290437,49,-28.783,32.0377,20.65,5.74
Paragominas,69,BR,1627290438,83,-2.9667,-47.4833,20.16,0.12
Chālūs,27,IR,1627290440,74,36.655,51.4204,29.17,2.89
Katsuura,100,JP,1627290426,77,35.1333,140.3,28.95,8.39
Polyarny,97,RU,1627290441,76,69.1989,33.4478,9.26,8.86
Hermanus,100,ZA,1627290443,56,-34.4187,19.2345,21.56,2.34
Bonavista,72,CA,1627290444,93,48.6499,-53.1147,13.4,3.03
Ribeira Grande,20,PT,1627290446,78,38.5167,-28.7,21.22,4.12
Faanui,37,PF,1627290447,74,-16.4833,-151.75,25.76,5.17
Avarua,75,CK,1627290448,83,-21.2078,-159.775,25.03,5.66
Isangel,91,VU,1627290450,74,-19.55,169.2667,23.32,7.15
Tombouctou,4,ML,1627290450,26,20.0,-3.0,37.81,8.09
Manakara,98,MG,1627290452,70,-22.1333,48.0167,20.48,2.17
Coquimbo,0,CL,1627290454,81,-29.9533,-71.3436,8.85,3.6
Along,100,IN,1627290455,91,28.1667,94.7667,29.07,1.14
Bredasdorp,100,ZA,1627290455,55,-34.5322,20.0403,21.27,2.96
Raahe,13,FI,1627290457,80,64.6833,24.4833,25.11,4.77
Bethel,1,US,1627290458,92,41.3712,-73.414,21.38,0.0
San Patricio,65,US,1627290459,95,28.017,-97.5169,27.92,2.6
Savannah Bight,49,HN,1627290459,76,16.45,-85.85,26.67,3.7
Aklavik,100,CA,1627290460,90,68.2191,-135.0107,8.96,0.83
Manggar,28,ID,1627290462,66,-2.8833,108.2667,28.66,5.2
Bluff,100,NZ,1627290462,89,-46.6,168.3333,8.78,6.88
Tiksi,95,RU,1627290227,88,71.6872,128.8694,8.39,6.33
Aktash,90,RU,1627290463,48,50.3,87.7333,17.24,2.52
Chokurdakh,100,RU,1627290463,47,70.6333,147.9167,10.87,6.41
Caceres,2,ES,1627290464,48,39.522,-6.3748,24.33,2.98
Edéia,0,BR,1627290466,54,-17.3383,-49.9314,15.88,2.29
Victoria Point,100,AU,1627290467,71,-27.5833,153.3,16.77,0.45
Vardø,75,NO,1627290468,81,70.3705,31.1107,10.11,9.26
Florø,0,NO,1627290470,64,61.5996,5.0328,25.04,1.54
Butaritari,100,KI,1627290471,80,3.0707,172.7902,26.27,3.02
Alyangula,49,AU,1627290472,68,-13.8483,136.4192,22.98,5.4
Mount Gambier,90,AU,1627290448,94,-37.8333,140.7667,11.95,4.12
Oberá,100,AR,1627290474,46,-27.4871,-55.1199,21.82,3.35
Kaitangata,100,NZ,1627290475,94,-46.2817,169.8464,8.53,2.19
Codrington,100,AU,1627290476,86,-38.2667,141.9667,12.25,7.31
Leningradskiy,100,RU,1627290476,87,69.3833,178.4167,3.21,0.8
Belyy Yar,40,RU,1627290478,57,53.6039,91.3903,26.94,4.0
Dakar,49,SN,1627290479,77,14.6937,-17.4441,27.49,3.4
Carlisle,100,US,1627290481,91,40.2015,-77.1889,23.13,1.6
Vostok,100,RU,1627290481,71,46.4856,135.8833,26.81,0.61
Stephenville,1,US,1627290482,76,32.2207,-98.2023,26.19,0.0
Hilo,90,US,1627290483,91,19.7297,-155.09,23.85,0.0
Severo-Kuril'sk,61,RU,1627290484,95,50.6789,156.125,14.84,2.52
Itarema,70,BR,1627290486,81,-2.9248,-39.9167,23.93,6.94
Boyolangu,26,ID,1627290487,67,-8.1181,111.8935,26.91,3.43
Vao,58,NC,1627290487,61,-22.6667,167.4833,20.73,7.13
Namatanai,58,PG,1627290488,81,-3.6667,152.4333,26.0,1.0
Syracuse,0,IT,1627290290,51,37.0881,15.2792,35.24,5.41
Mnogovershinnyy,100,RU,1627290489,80,53.9353,139.9242,20.22,0.49
Caravelas,86,BR,1627290491,87,-17.7125,-39.2481,20.15,1.49
Kondopoga,53,RU,1627290492,39,62.2057,34.2614,24.82,3.71
Nānākuli,1,US,1627290493,73,21.3906,-158.1547,26.97,2.06
Macapá,40,BR,1627290495,100,0.0389,-51.0664,25.99,1.03
Ahipara,97,NZ,1627290496,79,-35.1667,173.1667,12.75,7.11
Malakal,100,SS,1627290497,91,9.5334,31.6605,21.3,2.91
Buctzotz,13,MX,1627290498,97,21.2,-88.7833,22.73,1.26
Slave Lake,96,CA,1627290499,70,55.2834,-114.769,12.72,1.63
Airai,60,TL,1627290500,61,-8.9266,125.4092,19.12,0.98
Durrës,4,AL,1627290500,60,41.3231,19.4414,34.1,5.2
Vila Velha,0,BR,1627290501,94,-20.3297,-40.2925,14.97,1.03
Buritis,3,BR,1627290342,59,-15.6178,-46.4233,14.49,1.68
Kajaani,0,FI,1627290503,68,64.2273,27.7285,21.03,2.06
Mehamn,100,NO,1627290504,78,71.0357,27.8492,9.1,5.41
Wanning,95,CN,1627290219,77,18.8003,110.3967,30.8,2.35
Qaqortoq,77,GL,1627290505,54,60.7167,-46.0333,10.3,1.71
Podil’s’k,20,UA,1627290507,35,47.7531,29.532,27.93,2.65
Auki,100,SB,1627290456,86,-8.7676,160.7034,25.57,1.79
Bengkulu,28,ID,1627290508,61,-3.8004,102.2655,29.02,3.76
Half Moon Bay,1,US,1627290508,87,37.4636,-122.4286,18.13,0.45
Tuatapere,100,NZ,1627290509,94,-46.1333,167.6833,8.79,3.64
Disna,3,BY,1627290510,38,55.568,28.1971,27.38,2.59
Chui,100,UY,1627290511,90,-33.6971,-53.4616,12.48,4.38
Moroni,18,KM,1627290512,76,-11.7022,43.2551,23.97,7.73
Bambous Virieux,24,MU,1627290514,66,-20.3428,57.7575,24.56,5.67
Waddān,0,LY,1627290515,32,29.1614,16.139,30.02,3.66
Ovsyanka,76,RU,1627290517,46,55.9575,92.5519,30.54,1.19
Ulaangom,87,MN,1627290518,42,49.9811,92.0667,25.33,3.57
Derzhavīnsk,0,KZ,1627290518,27,51.1,66.3167,23.33,6.56
Puerto Nariño,35,CO,1627290518,99,-3.7703,-70.3831,21.97,1.19
Viedma,42,AR,1627290520,51,-40.8135,-62.9967,6.34,6.8
Chimbote,14,PE,1627290521,92,-9.0853,-78.5783,17.29,3.08
St. George's,20,GD,1627290523,100,12.0564,-61.7485,24.82,0.0
Vir,96,HR,1627290524,63,44.3031,15.0853,30.42,4.2
Nanortalik,85,GL,1627290525,69,60.1432,-45.2371,7.98,4.27
Bull Savanna,83,JM,1627290526,86,17.8868,-77.5902,23.78,2.57
Giohar,56,SO,1627290527,43,2.7809,45.5005,30.07,10.62
Tambovka,100,RU,1627290529,97,50.0969,128.0489,24.06,0.62
Kiryat Gat,2,IL,1627290529,47,31.61,34.7642,33.55,5.25
Iracoubo,32,GF,1627290530,91,5.4802,-53.2011,24.13,2.41
Lüderitz,64,NA,1627290531,28,-26.6481,15.1594,24.24,5.34
Wajima,100,JP,1627290533,78,37.4,136.9,27.75,4.51
Saint-Philippe,1,RE,1627290533,67,-21.3585,55.7679,25.12,4.84
Saldanha,100,ZA,1627290534,46,-33.0117,17.9442,17.87,9.74
Saint-François,40,FR,1627290536,69,46.4154,3.9054,22.32,4.12
La Unión,28,PE,1627290537,86,-5.4,-80.75,18.33,4.86
Lavumisa,5,SZ,1627290539,48,-27.31,31.892,19.82,2.63
Pyu,100,MM,1627290540,93,18.4833,96.4333,24.57,2.07
Abu Samrah,0,SY,1627290540,25,35.3029,37.1841,34.91,2.93
Tuyen Quang,56,VN,1627290498,54,21.8233,105.2181,32.48,0.56
Novoagansk,100,RU,1627290542,95,61.9449,76.6625,11.25,8.55
Preobrazheniye,70,RU,1627290543,81,42.9019,133.9064,26.32,2.29
Kemin,0,KG,1627290543,11,42.7846,75.6892,37.53,5.05
Atambua,64,ID,1627290332,59,-9.1061,124.8925,25.38,0.39
Hambantota,62,LK,1627290544,62,6.1241,81.1185,32.19,6.17
Yerbogachën,36,RU,1627290544,33,61.2767,108.0108,30.12,2.49
Zelenoborsk,59,RU,1627290545,37,61.4669,64.0333,19.63,3.3
Saint George,1,US,1627290547,69,37.1041,-113.5841,26.46,0.45
Upernavik,100,GL,1627290548,71,72.7868,-56.1549,6.36,3.5
Varhaug,100,NO,1627290549,65,58.6147,5.6457,23.81,6.74
Fairbanks,90,US,1627290550,77,64.8378,-147.7164,15.69,0.0
Vakhrushev,76,RU,1627290552,76,48.9833,142.9667,22.89,5.46
Xining,81,CN,1627290552,46,36.6167,101.7667,21.66,2.08
Fortuna,90,US,1627290552,94,40.5982,-124.1573,16.9,0.45
Barra,0,BR,1627290553,69,-11.0894,-43.1417,17.72,2.22
East London,0,ZA,1627290554,21,-33.0153,27.9116,22.52,3.6
Esperance,5,AU,1627290556,57,-33.8667,121.9,16.99,8.81
Yulara,5,AU,1627290556,13,-25.2406,130.9889,21.91,3.09
Hong Gai,71,VN,1627290557,80,20.956,107.0946,33.95,3.32
Praxédis Guerrero,100,MX,1627290557,52,31.3667,-106.0167,26.56,1.48
Neryungri,79,RU,1627290558,68,56.6709,124.6491,19.35,2.77
Culiacán,100,MX,1627290559,85,24.7994,-107.3897,23.42,1.66
Vestmannaeyjar,90,IS,1627290560,93,63.4427,-20.2734,9.55,7.2
Tevaitoa,39,PF,1627290561,74,-16.7833,-151.5,25.63,4.94
Lavrentiya,100,RU,1627290563,97,65.5833,-171.0,6.48,2.55
Ponta do Sol,1,PT,1627290565,77,32.6667,-17.1,26.11,0.37
Kavaratti,99,IN,1627290566,79,10.5669,72.642,27.77,8.93
Anadyr,100,RU,1627290566,87,64.75,177.4833,11.67,5.81
Houma,88,US,1627290568,96,29.5958,-90.7195,27.78,1.5
Tabou,100,CI,1627290568,78,4.423,-7.3528,24.75,3.51
Saskylakh,100,RU,1627290570,59,71.9167,114.0833,15.91,3.95
Castro,0,BR,1627290571,55,-24.7911,-50.0119,11.54,1.8
Matara,87,LK,1627290573,81,5.9485,80.5353,27.72,6.27
Hamilton,1,US,1627290396,94,39.1834,-84.5333,23.56,0.0
Kota Kinabalu,20,MY,1627290573,70,5.9749,116.0724,31.99,2.06
Belaya Gora,99,RU,1627290573,33,68.5333,146.4167,16.64,4.77
Dunedin,100,NZ,1627290313,82,-45.8742,170.5036,9.89,0.45
Longyearbyen,40,SJ,1627290575,87,78.2186,15.6401,6.91,5.14
Pimentel,40,PE,1627290576,86,-6.8367,-79.9342,18.16,1.34
Vila Franca do Campo,65,PT,1627290578,77,37.7167,-25.4333,20.23,3.33
Ilulissat,75,GL,1627290579,43,69.2167,-51.1,11.01,3.09
Sangar,0,RU,1627290581,38,63.9242,127.4739,29.13,4.1
Clyde River,75,CA,1627290582,93,70.4692,-68.5914,2.13,1.03
Goderich,0,CA,1627290583,73,43.7501,-81.7165,18.28,2.88
Beaufort,96,MY,1627290584,72,5.3473,115.7455,29.71,1.93
Kavieng,29,PG,1627290584,75,-2.5744,150.7967,27.43,2.49
Shimoda,100,JP,1627290586,76,34.6667,138.95,26.17,1.19
Grindavik,75,IS,1627290587,93,63.8424,-22.4338,10.26,9.26
Iroquois Falls,17,CA,1627290588,99,48.7669,-80.6831,13.16,2.93
Kidal,94,ML,1627290430,33,18.4411,1.4078,34.02,6.23
Harwich,65,GB,1627290589,84,51.9419,1.2844,19.75,0.89
Mar del Plata,3,AR,1627290590,43,-38.0023,-57.5575,7.78,0.89
Esso,99,RU,1627290592,78,55.9333,158.7,21.55,1.21
Berlevåg,75,NO,1627290593,81,70.8578,29.0864,6.97,6.69
Hervey Bay,84,AU,1627290594,61,-25.2986,152.8535,16.13,4.17
Santa Rita do Sapucaí,0,BR,1627290595,68,-22.2522,-45.7033,9.49,0.79
Harper,100,LR,1627290596,77,4.375,-7.7169,24.7,3.75
Savé,98,BJ,1627290598,68,8.0425,2.486,25.17,3.56
Mildura,46,AU,1627290599,47,-34.2,142.15,14.98,2.06
Moose Factory,90,CA,1627290600,93,51.2585,-80.6094,9.99,3.6
Faya,66,SA,1627290601,57,18.3851,42.4509,25.29,3.02
Luleå,0,SE,1627290602,56,65.5842,22.1547,22.04,2.06
Savelugu,70,GH,1627290603,61,9.6244,-0.8253,27.78,4.5
Port Lincoln,8,AU,1627290421,70,-34.7333,135.8667,13.22,6.08
Laguna,1,US,1627290605,55,38.421,-121.4238,27.89,0.45
Guerrero Negro,30,MX,1627290606,85,27.9769,-114.0611,19.57,4.54
Ambulu,1,ID,1627290606,67,-8.345,113.6058,27.37,3.06
La Macarena,97,CO,1627290607,98,2.1837,-73.7849,21.01,0.94
Bestöbe,0,KZ,1627290608,33,52.4994,73.0975,23.5,8.12
Fukuechō,100,JP,1627290330,77,32.6881,128.8419,27.25,3.08
George Town,20,MY,1627290595,68,5.4112,100.3354,32.72,4.63
Makakilo City,1,US,1627290610,73,21.3469,-158.0858,26.18,2.06
Spencer,20,US,1627290611,89,43.1414,-95.1444,21.52,0.0
Antofagasta,53,CL,1627290612,82,-23.65,-70.4,13.6,2.19
Tyrma,100,RU,1627290614,99,50.0833,132.1667,20.43,0.29
Beringovskiy,100,RU,1627290614,93,63.05,179.3167,10.44,2.63
São Domingos,12,BR,1627290615,67,-13.3983,-46.3183,14.91,3.23
Lompoc,90,US,1627290617,94,34.6391,-120.4579,15.56,2.06
Grand-Santi,44,GF,1627290617,100,4.25,-54.3833,21.49,0.98
Fort Nelson,93,CA,1627290619,82,58.8053,-122.7002,13.14,1.49
São José da Coroa Grande,67,BR,1627290620,85,-8.8978,-35.1478,23.35,4.31
Cabrobó,95,BR,1627290622,80,-8.5142,-39.31,20.84,5.83
Yong’an,100,CN,1627290623,63,39.6957,113.6871,24.18,4.04
Salalah,75,OM,1627290624,74,17.0151,54.0924,29.05,6.69
Ambilobe,9,MG,1627290625,28,-13.2,49.05,31.71,1.2
Yellowknife,87,CA,1627290626,81,62.456,-114.3525,11.27,2.68
Pangnirtung,97,CA,1627290628,91,66.1451,-65.7125,10.78,2.34
Guozhen,100,CN,1627290629,59,34.3659,107.359,26.31,2.02
São Filipe,63,CV,1627290629,72,14.8961,-24.4956,23.67,0.64
Peniche,8,PT,1627290631,80,39.3558,-9.3811,23.19,6.48
Asău,6,RO,1627290632,47,46.4333,26.4,27.64,2.24
Thio,69,NC,1627290633,77,-21.6167,166.2167,18.98,3.0
Gawler,10,AU,1627290633,72,-34.6,138.7333,13.73,2.05
Tuktoyaktuk,99,CA,1627290634,89,69.4541,-133.0374,5.95,1.13
Constitución,93,CL,1627290635,91,-35.3333,-72.4167,10.39,2.15
Sarangani,88,PH,1627290637,73,5.4033,125.4636,29.07,4.74
Podyuga,96,RU,1627290637,66,61.095,40.8647,20.29,4.15
Alta Floresta,8,BR,1627290638,60,-9.8756,-56.0861,18.38,1.63
Abingdon,75,GB,1627290640,71,51.6711,-1.2828,22.81,1.54
Cherskiy,0,RU,1627290641,60,68.75,161.3,8.24,7.29
Manokwari,15,ID,1627290642,72,-0.8667,134.0833,27.2,0.91
Aloleng,100,PH,1627290643,84,16.1307,119.7824,28.41,8.44
Hasaki,100,JP,1627290643,84,35.7333,140.8333,25.22,11.5
Nemuro,79,JP,1627290643,98,43.3236,145.575,17.81,4.99
Ginir,92,ET,1627290643,57,7.1333,40.7,18.18,6.41
Nouadhibou,1,MR,1627290645,85,20.931,-17.0347,20.44,7.52
Norman Wells,100,CA,1627290646,91,65.282,-126.8329,14.58,1.94
Svetlaya,93,RU,1627290647,92,46.5389,138.3297,22.43,4.84
Cuencamé de Ceniceros,5,MX,1627290648,43,24.8711,-103.6964,21.44,0.73
Marsh Harbour,8,BS,1627290648,77,26.5412,-77.0636,27.7,3.44
Mizque,4,BO,1627290650,71,-17.941,-65.3402,11.97,1.36
Tashtyp,99,RU,1627290652,52,52.7939,89.8983,27.74,4.11
Tierralta,97,CO,1627290653,97,8.1736,-76.0592,22.68,0.85
Jalu,0,LY,1627290654,35,29.0331,21.5482,29.73,3.01
Bud,85,US,1627290655,95,39.447,-86.1758,23.32,1.94
Provincia di Pistoia,57,IT,1627290656,59,43.9667,10.8333,27.61,1.34
Mabaruma,100,GY,1627290657,99,8.2,-59.7833,21.25,0.93
Valparaíso,40,CL,1627290658,91,-33.0393,-71.6273,11.93,0.0
Kozulka,84,UA,1627290660,55,50.0351,23.797,25.16,4.08
Chortomlyk,6,UA,1627290661,39,47.6232,34.142,29.76,5.09
Okhotsk,84,RU,1627290662,88,59.3833,143.3,15.67,4.15
Korla,1,CN,1627290664,9,41.7597,86.1469,38.63,2.22
Ternate,97,ID,1627290664,74,0.8,127.4,28.11,3.79
Vrangel',60,RU,1627290664,84,42.7297,133.0839,26.23,2.09
Agadir,2,MA,1627290664,63,30.4202,-9.5982,20.25,2.09
Dudinka,100,RU,1627290666,57,69.4058,86.1778,19.24,2.58
Waipawa,84,NZ,1627290667,90,-41.4122,175.5153,10.57,3.4
Galle,77,LK,1627290606,82,6.0367,80.217,27.67,7.04
Progreso,20,MX,1627290668,91,21.2833,-89.6667,25.06,1.66
Grenfell,100,AU,1627290576,86,-33.9,148.1667,9.99,2.69
Masuguru,19,TZ,1627290669,35,-11.3667,38.4167,26.76,4.24
Kirakira,71,SB,1627290434,84,-10.4544,161.9205,25.77,4.11
Arman',100,RU,1627290670,99,59.7,150.1667,12.32,1.84
Iquique,98,CL,1627290672,81,-20.2208,-70.1431,15.02,1.96
Mayor Pablo Lagerenza,75,PY,1627290673,51,-19.9309,-60.7718,22.0,3.52
Megion,100,RU,1627290675,95,61.0296,76.1136,13.01,8.08
Flinders,100,AU,1627290676,65,-34.5833,150.8552,15.66,1.79
Shingū,47,JP,1627290649,77,33.7333,135.9833,27.62,3.37
Matagami,90,CA,1627290677,98,49.7502,-77.6328,13.12,2.63
Iqaluit,100,CA,1627290678,100,63.7506,-68.5145,5.39,3.58
Rawson,22,AR,1627290679,54,-43.3002,-65.1023,4.35,9.78
Havøysund,89,NO,1627290681,75,70.9963,24.6622,9.49,1.32
Broken Hill,3,AU,1627290682,47,-31.95,141.4333,12.75,4.82
Larsnes,100,NO,1627290682,71,62.2028,5.5773,27.7,3.07
Port Hedland,91,AU,1627290684,35,-20.3167,118.5667,24.03,5.14
College,75,US,1627290684,76,64.8569,-147.8028,15.68,0.0
Jerusalem,0,IL,1627290686,58,31.769,35.2163,29.28,2.24
Fray Bentos,1,UY,1627290687,91,-33.1325,-58.2956,11.52,3.91
Lacombe,64,CA,1627290689,95,52.4668,-113.7353,12.4,1.41
Pochutla,79,MX,1627290690,91,15.7432,-96.4661,23.79,2.05
Narsaq,77,GL,1627290691,51,60.9167,-46.05,11.01,1.99
Yumen,93,CN,1627290692,12,40.2833,97.2,33.14,9.11
Toguchin,76,RU,1627290692,63,55.2353,84.3858,27.15,4.95
Porosozero,24,RU,1627290694,40,62.7191,32.727,24.55,4.38
Port Elizabeth,0,ZA,1627290695,27,-33.918,25.5701,23.94,4.12
Cihuatlán,96,MX,1627290696,92,19.2366,-104.5651,24.83,1.89
Jamkhandi,100,IN,1627290697,60,16.5167,75.3,28.29,10.04
Sur,20,OM,1627290697,37,22.5667,59.5289,39.67,4.39
Seymchan,100,RU,1627290699,92,62.8833,152.4333,7.82,3.62
Tokmak,0,UA,1627290700,34,47.2514,35.7058,31.1,5.41
San-Pédro,100,CI,1627290702,76,4.7485,-6.6363,25.23,3.1
Kambove,98,CD,1627290703,40,-10.8764,26.5969,16.81,5.44
Lerwick,100,GB,1627290705,97,60.1545,-1.1494,15.0,6.98
Tiarei,73,PF,1627290706,74,-17.5333,-149.3333,24.01,3.91
Alugan,100,PH,1627290708,67,12.2188,125.4808,30.1,4.39
Porbandar,100,IN,1627290708,82,21.6422,69.6093,28.12,9.09
Águas Formosas,100,BR,1627290708,95,-17.0822,-40.9358,17.68,0.72
Hualmay,17,PE,1627290710,88,-11.0964,-77.6139,16.73,3.88
Alofi,40,NU,1627290711,94,-19.0595,-169.9187,19.94,0.0
Port-Cartier,100,CA,1627290713,96,50.0334,-66.8654,15.97,0.63
Camaná,31,PE,1627290713,92,-16.6228,-72.7111,14.94,3.41
Tazovsky,100,RU,1627290715,91,67.4667,78.7,9.73,2.49
Ostrovnoy,96,RU,1627290716,83,68.0531,39.5131,9.07,11.09
Barabinsk,100,RU,1627290718,86,55.3571,78.357,15.84,6.81
Tongliao,100,CN,1627290719,53,43.6125,122.2653,30.33,2.2
Palmares do Sul,100,BR,1627290719,89,-30.2578,-50.5097,17.76,0.65
Ponta Delgada,20,PT,1627290721,77,37.7333,-25.6667,20.4,6.69
Batemans Bay,100,AU,1627290580,66,-35.7167,150.1833,16.06,3.61
Östersund,8,SE,1627290722,57,63.1792,14.6357,26.45,2.06
Maumere,25,ID,1627290723,62,-8.6199,122.2111,27.27,1.42
Saint-Augustin,20,CA,1627290723,90,51.226,-58.6502,12.69,1.78
Rudnichnyy,96,RU,1627290724,48,59.617,52.4703,19.25,4.58
Sestri Levante,37,IT,1627290725,75,44.2732,9.3968,30.67,3.13
Warman,98,CA,1627290727,61,52.3168,-106.5679,17.14,2.16
Kosh-Agach,64,RU,1627290728,29,50.0,88.6667,23.52,4.48
Walvis Bay,0,NA,1627290728,28,-22.9575,14.5053,26.61,9.59
Garden City,75,US,1627290729,81,42.3256,-83.331,21.14,2.06
Souillac,19,MU,1627290730,66,-20.5167,57.5167,24.64,5.56
Coyula,75,MX,1627290732,89,20.6333,-103.2,17.44,1.54
Vanimo,25,PG,1627290733,73,-2.6741,141.3028,26.3,1.16
Laurel,1,US,1627290733,93,39.0993,-76.8483,24.58,1.34
Coyhaique,0,CL,1627290734,86,-45.5752,-72.0662,-0.03,2.57
Aksarka,62,RU,1627290735,43,66.5606,67.7975,16.21,5.03
Yar-Sale,98,RU,1627290737,52,66.8333,70.8333,15.9,4.46
Nyaunglebin,100,MM,1627290738,90,17.95,96.7333,24.88,1.69
Whitecourt,100,CA,1627290738,94,54.1502,-115.6855,10.71,1.47
Manicoré,100,BR,1627290739,64,-5.8092,-61.3003,23.32,0.27
Acajutla,57,SV,1627290741,79,13.5928,-89.8275,25.45,2.22
Diffa,100,NE,1627290742,59,13.3154,12.6113,29.85,6.09
Lodwar,57,KE,1627290743,40,3.1191,35.5973,27.55,4.67
Tupik,84,RU,1627290744,68,54.4253,119.9327,20.34,4.84
Juneau,75,US,1627290746,95,58.3019,-134.4197,11.58,1.54
Vilyuysk,56,RU,1627290747,38,63.7553,121.6247,30.44,4.64
Nevers,99,FR,1627290749,75,46.9896,3.159,19.86,3.81
Lorengau,21,PG,1627290750,71,-2.0226,147.2712,27.97,0.22
Payson,1,US,1627290750,45,40.0444,-111.7321,24.79,1.54
Encarnación,0,PY,1627290751,83,-27.3333,-55.9,23.29,8.23
Hobyo,16,SO,1627290753,58,5.3505,48.5268,28.84,12.29
Saurimo,100,AO,1627290755,28,-9.6608,20.3916,21.99,5.04
Calbuco,61,CL,1627290756,73,-41.768,-73.1273,2.56,5.79
Trat,100,TH,1627290758,75,12.5,102.5,29.43,5.23
Kyren,28,RU,1627290758,49,51.6828,102.1408,25.98,1.55
Santa Cruz Cabrália,0,BR,1627290759,94,-16.2781,-39.0247,18.13,3.09
Biltine,83,TD,1627290761,60,14.5333,20.9167,27.62,1.74
Nantucket,90,US,1627290762,95,41.2835,-70.0995,23.33,4.63
Sabang,91,ID,1627290763,76,5.8933,95.3214,28.8,9.94
Oyama,100,JP,1627290763,43,36.3,139.8,29.46,3.44
Gornopravdinsk,99,RU,1627290763,40,60.05,69.9,18.68,4.18
Gigmoto,100,PH,1627290765,77,13.7796,124.39,29.57,5.17
Rizhao,100,CN,1627290765,93,35.4275,119.4553,26.31,7.6
Klaksvík,93,FO,1627290765,91,62.2266,-6.589,11.51,3.48
Yeppoon,2,AU,1627290766,54,-23.1333,150.7333,14.88,2.89
Port Blair,90,IN,1627290767,81,11.6667,92.75,28.62,9.37
Srednekolymsk,1,RU,1627290767,41,67.45,153.6833,14.37,5.29
Meadow Lake,100,US,1627290769,69,34.8014,-106.5436,21.71,1.81
Saint-Paul,29,RE,1627290770,66,-21.0096,55.2707,25.41,1.68
Garmsār,0,IR,1627290771,12,35.2182,52.3409,38.71,4.08
Lancaster,1,US,1627290772,96,40.2504,-76.2499,22.66,1.54
Ejido Ixcatepec,0,MX,1627290773,93,21.2,-97.95,20.82,1.11
Domoni,46,KM,1627290775,64,-12.2569,44.5319,25.32,8.14
Champerico,10,GT,1627290776,86,14.3,-91.9167,27.07,2.21
Murray Bridge,96,AU,1627290690,66,-35.1167,139.2667,13.86,3.3
Dwārka,100,IN,1627290777,84,22.2394,68.9678,27.95,10.46
Yabrūd,0,SY,1627290777,26,33.9674,36.6574,30.81,5.73
Rancho Palos Verdes,100,US,1627290779,90,33.7445,-118.387,22.43,0.89
Bonga,100,ET,1627290779,92,7.2833,36.2333,16.8,0.29
Warmbad,97,NA,1627290781,28,-28.45,18.7333,20.01,7.52
Buraidah,19,SA,1627290782,9,26.326,43.975,45.03,7.52
Nabire,29,ID,1627290784,81,-3.3667,135.4833,26.81,1.25
Mana,26,GF,1627290784,92,5.6592,-53.7767,23.92,1.98
Inuvik,99,CA,1627290785,88,68.3499,-133.7218,8.16,1.82
Alihe,100,CN,1627290787,91,50.5667,123.7167,19.63,1.87
Yamada,97,JP,1627290787,86,39.4667,141.95,22.52,5.5
Bodden Town,32,KY,1627290787,82,19.2833,-81.25,27.78,0.89
Vorokhta,39,UA,1627290788,42,48.2869,24.5719,19.53,1.66
Jinchang,66,CN,1627290769,14,38.4953,102.1739,31.43,4.33
Cabedelo,20,BR,1627290789,82,-6.9811,-34.8339,22.37,5.68
Nouakchott,33,MR,1627290791,78,18.0858,-15.9785,24.3,7.91
Yueyang,0,CN,1627290792,53,29.3333,113.0919,32.71,4.54
Eydhafushi,100,MV,1627290792,77,5.1033,73.0708,27.64,4.92
Santiago del Estero,0,AR,1627290792,67,-27.7951,-64.2615,11.06,3.95
Rundu,0,NA,1627290636,31,-17.9333,19.7667,18.31,5.09
Gōtsuchō,0,JP,1627290794,78,35.0,132.2167,28.0,3.48
Mumford,36,GH,1627290794,74,5.2618,-0.759,25.46,5.0
Nakatsu,7,JP,1627290608,70,33.5981,131.1883,32.88,4.63
Gravdal,75,NO,1627290796,77,68.1214,13.5031,13.94,1.03
Laela,16,TZ,1627290797,40,-8.5667,32.05,18.56,3.19
Maţāy,0,EG,1627290798,31,28.419,30.7792,33.09,4.42
Yangi Marg`ilon,0,UZ,1627290799,15,40.4272,71.7189,39.4,3.09
Cloquet,1,US,1627290800,81,46.7216,-92.4594,18.1,2.06
Sorong,85,ID,1627290581,70,-0.8833,131.25,28.56,0.66
Samarai,76,PG,1627290801,77,-10.6167,150.6667,25.81,7.9
Šentjur pri Celju,61,SI,1627290801,59,46.2172,15.3975,28.55,2.78
Mollendo,59,PE,1627290802,92,-17.0231,-72.0147,14.52,3.24
Esim,29,GH,1627290804,70,4.8699,-2.2405,26.14,4.39
Umm Hājar,100,TD,1627290805,75,13.2954,19.6966,25.13,2.29
Khovd,95,MN,1627290683,39,48.0056,91.6419,24.62,3.7
Le Locle,75,CH,1627290807,88,47.0595,6.7523,19.56,2.06
Bathsheba,40,BB,1627290808,83,13.2167,-59.5167,26.34,5.14
Zyryanovsk,45,KZ,1627290809,39,49.7386,84.2719,30.3,2.43
Vicksburg,1,US,1627290809,92,32.3526,-90.8779,27.28,0.0
Ugoofaaru,100,MV,1627290810,76,5.6667,73.0,28.08,5.14
Sibay,11,RU,1627290810,38,52.7181,58.6658,20.48,2.22
Hamada,0,JP,1627290812,77,34.8833,132.0833,27.42,3.17
City of San Pedro,66,PH,1627290812,75,14.35,121.0167,30.18,8.59
Husavik,4,IS,1627290812,54,66.0449,-17.3389,13.51,4.95
Zverinogolovskoye,61,RU,1627290813,47,54.4586,64.8542,18.54,4.28
Pontianak,75,ID,1627290815,62,-0.0333,109.3333,32.99,1.54
Jammalamadugu,80,IN,1627290815,35,14.8333,78.4,34.69,9.68
Shuya,12,RU,1627290815,32,56.8487,41.3883,24.68,3.65
Tequila,96,MX,1627290816,92,20.8833,-103.8333,19.54,0.82
Kenai,1,US,1627290817,87,60.5544,-151.2583,11.72,5.66
Rogers,1,US,1627290818,97,36.3668,-95.5836,24.52,0.0
Rize,36,TR,1627290819,67,40.9044,40.8949,19.28,1.31
Mandalgovi,100,MN,1627290821,52,45.7625,106.2708,20.44,3.71
Majene,20,ID,1627290821,63,-3.5403,118.9707,28.93,2.38
Wonthaggi,96,AU,1627290821,78,-38.6044,145.5913,14.0,9.28
Iseyin,96,NG,1627290821,77,7.9667,3.6,22.97,3.43
Port Macquarie,5,AU,1627290579,58,-31.4333,152.9167,13.98,1.47
Kikwit,91,CD,1627290824,17,-5.041,18.8162,32.39,3.42
Naugachhia,100,IN,1627290825,54,25.4,87.1,34.46,2.93
Camacha,75,PT,1627290825,88,33.0833,-16.3333,24.18,3.09
Wahpeton,90,US,1627290826,88,46.2652,-96.6059,20.52,5.14
Innisfail,41,AU,1627290827,75,-17.5333,146.0333,19.52,2.5
Hlatikulu,0,SZ,1627290828,43,-26.9667,31.3167,13.12,2.49
Santa Luzia,2,BR,1627290829,95,-19.7697,-43.8514,12.5,1.7
‘Āhuimanu,75,US,1627290831,76,21.4447,-157.8378,26.84,5.14
Sahuaripa,95,MX,1627290832,67,29.05,-109.2333,25.18,2.01
Paita,26,PE,1627290833,89,-5.0892,-81.1144,18.27,5.39
Wanlaweyn,77,SO,1627290835,35,2.6185,44.8938,30.63,11.48
Honningsvåg,90,NO,1627290836,76,70.9821,25.9704,8.86,1.54
Mount Isa,4,AU,1627290838,27,-20.7333,139.5,16.87,0.0
Waverly,1,US,1627290838,90,42.7392,-84.6208,18.57,0.0
Ipixuna,69,BR,1627290839,97,-1.7625,-48.8043,24.97,1.13
Gunjur,75,GM,1627290549,89,13.2019,-16.7339,27.04,0.0
Yārāda,75,IN,1627290841,70,17.65,83.2667,33.18,5.66
Turbat,37,PK,1627290841,40,26.0023,63.044,37.67,4.07
Blahodatne,100,UA,1627290843,65,50.6637,24.2492,22.74,3.49
Oussouye,33,SN,1627290844,72,12.485,-16.5469,27.12,2.83
Puerto Varas,75,CL,1627290845,93,-41.3195,-72.9854,2.12,3.09
Stebnyk,60,UA,1627290847,47,49.2942,23.5636,25.98,3.99
Natal,75,BR,1627290848,88,-5.795,-35.2094,22.36,1.54
San Lorenzo,75,PY,1627290850,53,-25.3333,-57.5333,25.52,5.14
Teguise,40,ES,1627290851,78,29.0605,-13.564,21.12,10.29
Iwanai,15,JP,1627290845,79,42.9744,140.5089,23.24,1.12
Zaranj,0,AF,1627290853,7,30.9667,61.8833,44.27,2.28
Logan,1,US,1627290854,42,41.7355,-111.8344,22.91,0.45
Lata,29,PT,1627290855,68,40.1629,-8.3327,21.31,1.91
Ketchikan,90,US,1627290856,93,55.3422,-131.6461,11.26,1.54
Enshi,4,CN,1627290858,57,30.3,109.4833,32.68,1.35
Lagoa,99,PT,1627290858,80,39.05,-27.9833,20.68,4.57
Olinalá,83,MX,1627290859,93,17.8333,-98.85,16.44,0.98
Labuhan,5,ID,1627290860,59,-6.8844,112.2051,29.45,5.59
Dandeli,67,IN,1627290860,76,15.2667,74.6167,26.9,6.01
Arauca,100,CO,1627290860,98,7.0847,-70.7591,21.63,0.63
San Vicente,99,AR,1627290862,46,-26.6167,-54.1333,20.26,3.36
Gympie,100,AU,1627290810,65,-26.1898,152.665,15.02,0.79
Sitka,40,US,1627290863,87,57.0531,-135.33,10.94,2.57
Olinda,75,BR,1627290865,83,-8.0089,-34.8553,22.85,2.57
Touros,32,BR,1627290867,89,-5.1989,-35.4608,22.5,4.72
Peace River,85,CA,1627290869,88,56.2501,-117.286,14.25,0.45
Røros,0,NO,1627290870,56,62.5747,11.3842,20.91,2.57
Alexandria,1,EG,1627290871,59,31.2156,29.9553,28.06,4.12
Sørland,99,NO,1627290872,84,67.667,12.6934,14.04,2.46
Hattiesburg,20,US,1627290874,95,31.3271,-89.2903,24.35,0.0
Kumul,2,CN,1627290874,9,42.8,93.45,37.9,4.09
Cheshunt,99,GB,1627290875,88,51.7079,-0.0374,21.39,1.27
Hūn,0,LY,1627290876,30,29.1268,15.9477,30.11,3.47
Fort-Shevchenko,0,KZ,1627290877,37,44.5086,50.263,31.99,9.9
Huarmey,7,PE,1627290878,89,-10.0681,-78.1522,17.49,3.92
Pacific Grove,90,US,1627290880,91,36.6177,-121.9166,16.06,1.79
Taltal,0,CL,1627290881,77,-25.4,-70.4833,12.42,1.72
Pangkalanbuun,38,ID,1627290882,54,-2.6833,111.6167,31.66,2.04
Švenčionys,100,LT,1627290882,45,55.15,26.1667,26.12,3.17
Wanaka,99,NZ,1627290746,95,-44.7,169.15,5.88,1.29
Bournemouth,20,GB,1627290884,78,50.7205,-1.8795,22.77,0.45
Baykit,69,RU,1627290885,28,61.67,96.37,32.27,3.78
Kaeng Khoi,100,TH,1627290675,85,14.5862,100.9976,26.38,2.15
Tilichiki,100,RU,1627290886,99,60.4667,166.1,11.28,1.95
Saint-Pierre,0,RE,1627290888,58,-21.3393,55.4781,25.16,12.86
Sabha,0,LY,1627290889,21,27.0377,14.4283,32.5,5.56
Abbeville,92,FR,1627290891,84,50.1,1.8333,19.72,4.19
Campos Belos,40,BR,1627290892,60,-13.0367,-46.7717,15.95,1.68
Bureya,100,RU,1627290893,99,49.8133,129.8131,21.11,1.53
Ixtapa,100,MX,1627290893,97,20.7,-105.2,24.01,0.45
Padang,54,ID,1627290894,72,-0.9492,100.3543,30.03,1.71
Revelstoke,0,CA,1627290894,85,50.9832,-118.2023,15.69,1.05
Colquechaca,25,BO,1627290895,72,-18.6667,-66.0167,-2.69,2.56
Taoudenni,5,ML,1627290897,5,22.6783,-3.9836,41.04,5.31
Wangqing,100,CN,1627290898,57,43.3218,129.7634,29.59,3.74
Maceió,75,BR,1627290898,100,-9.6658,-35.7353,21.69,1.03
Gorontalo,84,ID,1627290899,75,0.5412,123.0595,27.94,2.71
Arlit,56,NE,1627290900,27,18.7369,7.3853,36.95,7.85
Aras,40,ES,1627290901,56,42.5617,-2.356,20.4,3.09
Encheng,68,CN,1627290902,56,22.1839,112.3026,34.98,2.42
Batticaloa,57,LK,1627290903,57,7.7102,81.6924,32.46,0.26
Mitsamiouli,12,KM,1627290903,70,-11.3847,43.2844,24.74,6.41
Westport,1,US,1627290904,94,41.1415,-73.3579,22.87,1.34
Havre-St-Pierre,90,CA,1627290905,94,50.2334,-63.5986,15.2,3.09
Kamenka,6,RU,1627290906,32,51.3223,42.7678,26.57,1.92
Mackay,9,AU,1627290907,59,-21.15,149.2,16.69,3.65
Raudeberg,100,NO,1627290908,88,61.9875,5.1352,21.88,3.82
Elizabeth City,1,US,1627290909,94,36.2946,-76.2511,25.57,0.45
Porto Santo,75,PT,1627290910,88,33.072,-16.3415,25.72,3.09
Storforshei,0,NO,1627290911,68,66.4043,14.5233,19.88,1.54
Kushiro,83,JP,1627290855,92,42.975,144.3747,20.02,2.27
Morón,44,AR,1627290913,91,-34.6534,-58.6198,9.98,0.89
San Cristobal,96,VE,1627290915,97,7.7669,-72.225,17.5,0.53
Mabopane,5,ZA,1627290916,42,-25.4977,28.1007,14.81,1.9
Jining,84,CN,1627290917,64,35.405,116.5814,31.08,6.11
Wagar,82,SD,1627290917,56,16.1525,36.2032,30.03,6.27
Alto Araguaia,0,BR,1627290918,51,-17.3147,-53.2153,14.69,1.77
Chapais,75,CA,1627290920,95,49.7834,-74.8492,12.83,1.81
Sakakah,5,SA,1627290921,11,29.9697,40.2064,42.82,3.37
Hofn,75,IS,1627290922,82,64.2539,-15.2082,12.01,3.09
Luba,88,GQ,1627290924,73,3.4568,8.5547,26.14,2.6
Rio Grande,100,BR,1627290925,97,-32.035,-52.0986,14.96,3.9
Mayo,1,US,1627290927,93,38.8876,-76.5119,25.12,0.0
Qidong,100,CN,1627290928,92,31.8128,121.6561,25.58,13.23
Igarka,92,RU,1627290928,65,67.4667,86.5833,23.79,2.2
Moshenskoye,51,RU,1627290929,38,58.5102,34.5911,23.72,2.53
Santa Maria da Boa Vista,45,BR,1627290930,76,-8.8078,-39.8256,20.41,6.03
Fomboni,73,KM,1627290932,70,-12.28,43.7425,24.73,6.75
Paamiut,100,GL,1627290933,67,61.994,-49.6678,8.23,3.89
Dera Bugti,47,PK,1627290935,26,29.0307,69.151,41.4,4.84
Acapulco de Juárez,98,MX,1627290935,87,16.8634,-99.8901,26.24,2.24
Port Hawkesbury,75,CA,1627290936,96,45.6169,-61.3485,18.66,0.45
Xinyu,100,CN,1627290822,64,27.8043,114.9334,30.97,3.59
Río Gallegos,75,AR,1627290937,100,-51.6226,-69.2181,1.03,3.09
Myitkyina,83,MM,1627290938,84,25.3833,97.4,29.68,1.65
Chipinge,91,ZW,1627290938,65,-20.1883,32.6236,12.44,2.65
Nuevo Casas Grandes,94,MX,1627290940,83,30.4167,-107.9167,19.3,0.89
Nago,100,JP,1627290817,87,26.5881,127.9761,30.25,5.88
Bacolod City,77,PH,1627290941,81,10.6667,122.95,27.93,7.49
Verkhnyaya Inta,100,RU,1627290941,64,65.9811,60.3094,10.4,5.8
Bintulu,20,MY,1627290942,66,3.1667,113.0333,33.23,3.09
Palmer,90,US,1627290942,83,42.1584,-72.3287,20.96,0.0
Nzérékoré,100,GN,1627290943,97,7.7562,-8.8179,20.96,1.61
Portland,1,US,1627290945,74,45.5234,-122.6762,19.13,0.45
Praia,60,CV,1627290945,73,14.9215,-23.5087,24.63,2.8
Torres,91,BR,1627290947,74,-29.3353,-49.7269,22.68,1.16
Eruwa,82,NG,1627290948,72,7.5333,3.4167,24.59,3.06
Victor Harbor,87,AU,1627290950,69,-35.5667,138.6167,14.15,5.47
Rome,75,US,1627290950,93,43.2128,-75.4557,19.67,0.0
Winnemucca,1,US,1627290952,26,40.973,-117.7357,25.06,2.57
Isla Mujeres,4,MX,1627290952,84,21.2311,-86.731,24.03,2.45
Impfondo,99,CG,1627290953,50,1.6381,18.0667,29.74,2.54
Shahr-e Bābak,0,IR,1627290955,8,30.1165,55.1186,32.13,10.96
Zhezkazgan,0,KZ,1627290956,21,47.8043,67.7144,30.02,7.79
Weligama,86,LK,1627290956,82,5.9667,80.4167,27.54,6.3
Santarém,0,BR,1627290956,100,-2.4431,-54.7083,23.07,0.0
Anse-Bertrand,100,GP,1627290958,80,16.4721,-61.5078,24.9,7.66
Tezu,100,IN,1627290958,87,27.9167,96.1667,29.4,0.4
Skibbereen,100,IE,1627290959,76,51.55,-9.2667,18.89,3.35
Mt. Pleasant,75,US,1627290960,95,32.7941,-79.8626,26.1,0.89
Smolenka,40,RU,1627290961,68,52.1352,113.4974,21.04,1.0
Leh,78,IN,1627290962,22,34.1667,77.5833,28.37,3.4
Mejicanos,73,SV,1627290962,100,13.7403,-89.2131,21.14,0.62
West Wendover,1,US,1627290963,25,40.7391,-114.0733,22.56,2.57
Tacoronte,75,ES,1627290964,68,28.4769,-16.4102,24.67,7.2
Cayenne,90,GF,1627290958,91,4.9333,-52.3333,23.38,0.0
Jiuquan,76,CN,1627290965,11,39.7432,98.5174,33.7,7.59
Mercedes,68,AR,1627290966,71,-34.6515,-59.4307,8.24,3.16
Tiznit Province,0,MA,1627290967,40,29.5833,-9.5,25.22,2.46
Abhā,40,SA,1627290968,57,18.2164,42.5053,28.9,5.14
Ariquemes,36,BR,1627290969,67,-9.9133,-63.0408,20.75,0.37
Mitú,89,CO,1627290971,99,1.1983,-70.1733,20.54,0.52
Pangai,33,TO,1627290972,79,-19.8,-174.35,24.9,2.77
Seoni,100,IN,1627290974,77,22.0833,79.5333,26.44,7.58
North Platte,1,US,1627290974,88,41.1239,-100.7654,19.03,0.0
Caluquembe,25,AO,1627290975,31,-13.7833,14.6833,19.62,5.24
San Miguel de Tucumán,0,AR,1627290976,87,-26.8241,-65.2226,6.0,3.09
Northam,30,GB,1627290978,90,51.0333,-4.2167,23.4,3.61
Olafsvik,100,IS,1627290979,83,64.8945,-23.7142,9.78,4.49
Dawei,100,MM,1627290981,92,14.0833,98.2,25.09,1.98
Jiangkou,100,CN,1627290981,74,25.4872,119.1986,32.94,2.59
Moussoro,100,TD,1627290981,70,13.6408,16.4901,26.33,3.36
Ürümqi,0,CN,1627290982,16,43.801,87.6005,33.53,4.0
Umluj,39,SA,1627290983,42,25.0213,37.2685,34.1,7.45
Chara,16,RU,1627290984,44,56.9064,118.2631,22.88,3.92
Kabansk,96,RU,1627290985,47,52.0486,106.6528,27.27,3.32
Sittwe,100,MM,1627290987,93,20.15,92.9,26.48,9.72
Badulla,69,LK,1627290988,52,6.9895,81.0557,29.88,2.04
Nandi,95,IN,1627290988,58,13.3855,77.6984,28.68,7.38
Kaeo,100,NZ,1627290989,90,-35.1,173.7833,12.4,5.03
Pechenga,100,RU,1627290989,69,69.5259,31.1703,11.48,6.62
Zhaodong,100,CN,1627290990,73,46.0833,125.9833,29.01,2.94
Puerto Escondido,81,MX,1627290990,85,15.85,-97.0667,25.96,1.96
Imbituba,29,BR,1627290992,77,-28.24,-48.6703,17.94,3.23
Flin Flon,40,CA,1627290993,80,54.7682,-101.865,9.9,1.51
Balikpapan,0,ID,1627290827,79,-1.2675,116.8289,28.55,2.06
Contamana,9,PE,1627290994,86,-7.3333,-75.0167,20.78,0.64
Tateyama,100,JP,1627290996,64,34.9833,139.8667,28.9,4.83
Medvedok,33,RU,1627290996,40,57.3891,50.0351,21.74,4.09
Qasigiannguit,100,GL,1627290997,70,68.8193,-51.1922,8.14,3.79
Petatlán,46,MX,1627290999,95,17.5167,-101.2667,24.67,1.7
Rønne,40,DK,1627291000,73,55.1009,14.7066,23.95,3.6
Chalinze,81,TZ,1627291001,30,-6.6378,38.354,27.34,5.35
Jardim,3,BR,1627291002,56,-21.4803,-56.1381,18.45,1.68
Oktyabr'skoye,75,RU,1627291004,65,43.0645,44.7417,25.08,4.0
Edmundston,90,CA,1627291005,96,47.3737,-68.3251,18.05,0.51
Kashgar,0,CN,1627291006,15,39.4547,75.9797,37.56,4.0
Sobrance,15,SK,1627291006,51,48.7445,22.1814,29.15,4.0
São Miguel do Tapuio,6,BR,1627291007,74,-5.5036,-41.3233,21.04,3.22
Chaihe,98,CN,1627291009,45,44.7667,129.7,32.69,3.23
Cap Malheureux,3,MU,1627291009,58,-19.9842,57.6142,25.26,4.47
Cairns,90,AU,1627291010,74,-16.9167,145.7667,22.97,3.6
Buala,98,SB,1627291011,84,-8.145,159.5921,26.65,2.97
Alice Springs,49,AU,1627290843,14,-23.7,133.8833,20.75,2.57
Scarborough,100,GB,1627291013,76,54.2797,-0.4044,20.29,0.45
Haapiti,56,PF,1627291014,71,-17.5667,-149.8667,23.85,4.27
Erzin,0,TR,1627291015,44,36.9559,36.2,33.4,4.07
Ferme-Neuve,42,CA,1627291017,95,46.7001,-75.4493,13.88,1.52
Hokitika,100,NZ,1627291018,88,-42.7167,170.9667,10.72,2.46
Champasak,86,LA,1627291018,79,14.75,106.0,27.49,2.87
Merauke,95,ID,1627291018,68,-8.4667,140.3333,27.58,4.33
‘Ewa Beach,1,US,1627291019,72,21.3156,-158.0072,26.97,5.36
Halifax,97,CA,1627291020,91,44.6453,-63.5724,18.16,0.89
Tecolutla,0,MX,1627291021,87,20.4833,-97.0167,24.65,1.59
Banyo,99,CM,1627291022,85,6.75,11.8167,21.57,0.99
Bitung,68,ID,1627291023,80,1.4451,125.1824,30.47,6.58
Polovinnoye,65,RU,1627291024,43,54.7914,65.9864,18.23,6.18
Mastic Beach,1,US,1627291025,91,40.7668,-72.8521,22.52,3.09
Nizhniy Kuranakh,1,RU,1627291026,62,58.8353,125.4869,23.13,1.51
Shīeli,0,KZ,1627291027,20,44.1667,66.75,37.43,8.94
Banda Aceh,97,ID,1627291027,65,5.5577,95.3222,30.39,7.05
Panguma,100,SL,1627291028,98,8.1833,-11.1333,21.61,0.73
Kahului,40,US,1627291029,87,20.8947,-156.47,25.59,8.23
Laas,68,IT,1627291030,74,46.6166,10.7002,20.01,2.12
Mauá,0,BR,1627291032,71,-23.6678,-46.4614,17.42,2.64
Fougamou,81,GA,1627291033,56,-1.2154,10.5838,24.57,1.1
Turaif,0,SA,1627291035,21,31.6725,38.6637,40.14,5.14
Kutum,85,SD,1627291036,56,14.2,24.6667,26.41,3.23
Kitui,39,KE,1627291037,36,-1.367,38.0106,23.65,4.93
Pasni,81,PK,1627291038,81,25.2631,63.471,28.81,5.23
Mocuba,88,MZ,1627291040,70,-16.8392,36.9856,20.47,3.5
Sembakung,71,ID,1627291041,59,3.8167,117.25,29.96,1.92
Vilhena,3,BR,1627291041,62,-12.7406,-60.1458,18.36,1.06
Broome,1,US,1627291043,88,42.2506,-75.833,18.69,1.54
Kirriemuir,16,GB,1627291044,78,56.674,-3.0034,20.69,0.64
Bilibino,95,RU,1627291045,58,68.0546,166.4372,12.5,2.84
Russell,1,US,1627291046,91,32.3502,-85.1999,24.57,0.0
Whitley Bay,90,GB,1627291047,86,55.0397,-1.4471,21.69,1.03
Henties Bay,0,NA,1627291048,27,-22.116,14.2845,26.54,13.23
Departamento de Maldonado,92,UY,1627291050,93,-34.6667,-54.9167,10.68,3.28
Telimele,100,GN,1627291051,95,10.9167,-13.3333,22.18,0.91
Port Loko,83,SL,1627291005,95,8.7667,-12.7833,23.55,1.71
Qinzhou,58,CN,1627291053,66,21.95,108.6167,32.3,3.77
Kamskiye Polyany,52,RU,1627291053,38,55.4307,51.4171,21.45,4.02
Ukiah,1,US,1627291054,55,39.1502,-123.2078,21.4,2.57
San Andrés,75,CO,1627291055,89,12.5847,-81.7006,27.01,5.14
Palauig,100,PH,1627291057,87,15.435,119.9045,27.78,6.01
Tual,84,ID,1627291057,76,-5.6667,132.75,27.2,7.31
Smirnykh,98,RU,1627291057,78,49.75,142.8333,25.86,1.22
Forsytheganj,33,BY,1627291057,46,52.6333,29.7333,26.93,2.65
West Plains,1,US,1627291058,95,36.7281,-91.8524,23.84,0.0
Nigrán,0,ES,1627291059,67,42.1415,-8.8066,21.88,0.45
Tynda,20,RU,1627291060,69,55.1667,124.7167,22.52,2.39
Evensk,100,RU,1627291062,99,61.95,159.2333,9.46,1.28
Caloundra,100,AU,1627290814,81,-26.8,153.1333,16.7,2.55
Tautira,54,PF,1627291063,75,-17.7333,-149.15,24.01,4.23
Otradnoye,3,RU,1627291065,33,59.7775,30.8181,27.03,2.04
Uray,83,RU,1627291067,50,60.1247,64.7758,17.1,4.29
Kota Belud,21,MY,1627291068,68,6.351,116.4305,31.92,4.26
Mahon,0,ES,1627291068,61,39.8885,4.2658,27.31,7.2
Eureka,100,US,1627291071,79,40.8021,-124.1637,12.89,1.79
Wynyard,72,AU,1627291071,88,-41.0,145.7167,12.2,5.24
Tarnogskiy Gorodok,98,RU,1627291072,45,60.4997,43.5761,22.83,5.2
Karpogory,100,RU,1627291074,96,64.0019,44.4451,10.32,1.92
Angoche,16,MZ,1627291075,50,-16.2325,39.9086,25.29,5.28
Lichtenfels,71,DE,1627291076,67,50.1457,11.0593,26.19,1.79
Mandurah,100,AU,1627291078,93,-32.55,115.7,16.23,11.43
Pudozh,93,RU,1627291078,54,61.8099,36.5345,21.54,3.95
Balabac,13,PH,1627291079,73,7.9868,117.0645,29.96,5.49
Williamsburg,75,US,1627291079,83,37.2707,-76.7075,25.89,3.09
Ekpoma,100,NG,1627291080,90,6.7421,6.139,20.63,1.34
Puerto Colombia,96,CO,1627291082,81,10.9878,-74.9547,25.05,0.62
Rochester,40,US,1627291083,88,43.1548,-77.6156,20.22,0.0
Iranshahr,0,IR,1627291083,30,27.2025,60.6848,37.19,2.06
Swan River,52,CA,1627291085,93,52.1058,-101.2676,10.94,2.57
Durango,100,MX,1627291086,56,24.8333,-104.8333,18.78,2.25
Ituporanga,81,BR,1627291086,92,-27.4144,-49.6025,12.78,0.41
De-Kastri,100,RU,1627291088,94,51.4667,140.7833,19.86,1.71
Sisimiut,100,GL,1627291088,59,66.9395,-53.6735,11.08,6.26
Beloha,24,MG,1627291089,59,-25.1667,45.05,19.75,8.96
Careiro da Várzea,16,BR,1627291091,71,-3.2003,-59.8119,26.34,1.5
Calabozo,75,VE,1627291093,98,8.9242,-67.4293,21.57,1.98
Talnakh,99,RU,1627291094,72,69.4865,88.3972,21.09,1.06
Kaspi,63,GE,1627291095,45,41.9252,44.4257,27.51,4.97
Samandağ,0,TR,1627291096,49,36.0842,35.9771,34.29,4.16
Bibiani,52,GH,1627291098,78,6.4635,-2.3194,24.07,1.59
Nara,44,JP,1627291099,50,34.6851,135.8049,33.62,3.13
Kotma,100,IN,1627291099,70,23.2,81.9667,27.96,6.49
Togur,100,RU,1627291099,75,58.3631,82.8265,24.71,1.0
Whitehorse,90,CA,1627291101,54,60.7161,-135.0538,14.43,4.12
Pathein,100,MM,1627291102,84,16.7833,94.7333,26.74,7.03
Quatre Cocos,26,MU,1627291102,66,-20.2078,57.7625,25.05,5.77
Red Bank,75,US,1627291104,83,40.3471,-74.0643,23.97,0.45
Gouré,100,NE,1627291105,59,13.9835,10.2704,29.53,6.21
Le Port,34,RE,1627290909,64,-20.9373,55.2919,25.34,0.63
Jatai,0,BR,1627291106,45,-17.8814,-51.7144,15.73,1.8
Harar,100,ET,1627291107,87,9.3094,42.1258,12.64,3.55
Ubari,0,LY,1627291109,19,26.5921,12.7805,33.06,7.96
Thunder Bay,1,CA,1627291110,89,48.4001,-89.3168,16.27,2.06
Camalú,100,MX,1627291111,87,30.85,-116.0667,19.12,1.92
Marang,92,MY,1627291112,70,5.2056,103.2059,30.95,2.87
Andenes,75,NO,1627291112,93,69.3143,16.1194,14.15,2.57
Jacmel,100,HT,1627291113,87,18.2342,-72.5347,24.91,0.81
Juliaca,7,PE,1627291114,55,-15.5,-70.1333,0.86,2.43
Simao,71,CN,1627291115,78,22.7886,100.9748,23.76,1.46
Siniscola,100,IT,1627291116,61,40.5719,9.6922,29.75,0.48
Churapcha,9,RU,1627291117,31,62.0025,132.4325,27.81,4.55
Rotterdam,75,NL,1627291118,90,51.9225,4.4792,22.33,0.51
Neiafu,16,TO,1627291119,79,-18.65,-173.9833,25.58,4.36
Koygorodok,96,RU,1627291121,43,60.445,50.9968,20.97,4.16
Mbandaka,58,CD,1627291122,46,0.0487,18.2603,29.21,1.88
Ngunguru,100,NZ,1627291124,82,-35.6167,174.5,12.31,5.3
Chase,3,CA,1627291124,82,50.8165,-119.6857,20.49,0.7
Brigantine,40,US,1627291125,97,39.4101,-74.3646,24.11,2.57
Mukhen,100,RU,1627291126,69,48.1,136.1,30.05,1.05
Philadelphia,1,US,1627291112,92,39.9523,-75.1638,23.41,1.54
Dubai,8,AE,1627290929,29,25.2582,55.3047,43.16,6.69
Melenki,89,RU,1627291126,38,55.3343,41.6295,23.38,1.99
Estelle,97,US,1627291127,82,29.8458,-90.1067,28.33,1.54
Gospić,76,HR,1627291128,40,44.5461,15.3747,27.83,4.08
Oriximiná,23,BR,1627291129,74,-1.7656,-55.8661,22.56,1.18
Sampit,6,ID,1627291131,56,-2.5333,112.95,31.38,2.25
Carutapera,47,BR,1627291131,93,-1.195,-46.02,23.69,2.11
Cologne,40,DE,1627291132,65,50.9333,6.95,23.47,3.6
Arona,20,ES,1627291134,52,28.0996,-16.681,24.44,7.72
Havelock,21,US,1627291135,92,34.8791,-76.9013,27.18,2.1
Alta,90,NO,1627291136,89,69.9689,23.2717,11.77,1.34
Karratha,99,AU,1627291137,39,-20.7377,116.8463,25.11,4.07
Maragogi,64,BR,1627291138,86,-9.0122,-35.2225,22.98,4.2
Kamaishi,82,JP,1627291107,84,39.2667,141.8833,27.53,6.25
Ceres,1,US,1627291139,27,37.5949,-120.9577,27.95,1.54
Te Anau,83,NZ,1627291140,95,-45.4167,167.7167,5.81,0.26
Mbaïki,100,CF,1627291140,83,3.8678,17.9892,24.09,2.14
Ridgecrest,20,US,1627291142,48,35.6225,-117.6709,28.16,1.79
Cockburn Town,20,TC,1627291143,83,21.4612,-71.1419,27.73,6.91
Rāpar,100,IN,1627291144,67,23.5667,70.6333,29.88,9.65
Kadyy,15,RU,1627291144,33,57.787,43.1903,24.32,3.9
Camp Verde,81,US,1627291146,92,34.5636,-111.8543,22.09,0.42
Antalaha,95,MG,1627291146,75,-14.9003,50.2788,22.59,6.23
Ballina,100,AU,1627291148,58,-28.8667,153.5667,15.1,4.31
Cururupu,73,BR,1627291148,94,-1.8283,-44.8683,22.69,1.42
Dicabisagan,100,PH,1627291150,79,17.0818,122.4157,30.05,1.66
Salym,100,RU,1627291150,58,60.0625,71.4789,15.23,3.29
Lake Cowichan,0,CA,1627291152,92,48.825,-124.0546,17.88,1.93
Sudak,95,UA,1627291152,55,44.85,34.9667,28.88,5.52
Mooresville,69,US,1627291035,87,35.5849,-80.8101,23.72,2.02
Praia da Vitória,75,PT,1627291154,83,38.7333,-27.0667,22.09,3.88
Mandera,54,KE,1627291156,33,3.9366,41.867,30.53,10.49
Petropavlovsk-Kamchatskiy,0,RU,1627291097,64,53.0452,158.6483,23.33,2.0
Erenhot,64,CN,1627291157,43,43.6475,111.9767,23.01,5.06
Leer,99,SS,1627291158,88,8.3018,30.1418,23.42,3.26
Şurmān,0,LY,1627291159,26,32.7567,12.5716,33.94,0.77
Skarnes,92,NO,1627291160,39,60.2528,11.6797,24.31,2.95
Skjervøy,100,NO,1627291161,90,70.0311,20.9714,12.0,1.5
Deputatsky,100,RU,1627291163,76,69.3,139.9,11.85,1.9
Raja,100,SS,1627291164,73,8.4596,25.678,24.52,3.71
Kérouané,100,GN,1627291165,94,9.2667,-9.0167,22.08,1.87
Harstad,100,NO,1627291167,99,68.799,16.5293,13.72,1.34
Ca Mau,43,VN,1627290905,58,9.1769,105.15,31.51,5.72
Mwinilunga,100,ZM,1627291168,29,-11.7358,24.4293,18.14,5.34
Dhidhdhoo,95,MV,1627291170,77,6.8833,73.1,27.97,6.39
Metro,5,ID,1627291170,47,-5.1131,105.3067,30.99,4.54
Christchurch,73,NZ,1627290891,83,-43.5333,172.6333,10.56,1.79
Alès,2,FR,1627291170,40,44.1333,4.0833,28.21,1.94
Kisangani,97,CD,1627291172,37,0.5167,25.2,32.61,1.33
Zabaykal'sk,94,RU,1627291173,64,49.6333,117.3167,20.83,3.48
Zolochiv,95,UA,1627291173,74,49.806,24.8944,25.27,4.08
Kütahya,16,TR,1627291175,50,39.4242,29.9833,24.97,4.29
Limbang,87,MY,1627291176,73,4.75,115.0,32.06,2.92
Paramonga,41,PE,1627291176,90,-10.6667,-77.8333,17.02,3.32
Nioro,100,GM,1627291177,75,13.35,-15.75,26.33,2.84
São João da Barra,0,BR,1627291179,85,-21.6403,-41.0511,17.53,3.91
Plettenberg Bay,100,ZA,1627291180,32,-34.0527,23.3716,20.59,5.97
Nuevo Ideal,100,MX,1627291182,66,24.8875,-105.0728,17.51,2.33
Polewali,60,ID,1627291135,74,-3.4324,119.3435,28.16,1.45
Pereira Barreto,0,BR,1627291183,47,-20.6383,-51.1092,16.71,3.12
Avera,22,US,1627291184,84,33.194,-82.5271,23.93,1.73
Batagay,81,RU,1627291185,57,67.6333,134.6333,20.06,1.99
Mogadishu,47,SO,1627291186,68,2.0371,45.3438,26.47,10.26
Coahuayana Viejo,54,MX,1627291188,90,18.7333,-103.6833,24.98,1.73
Jämsä,12,FI,1627291189,34,61.8642,25.19,26.4,0.88
Vozhega,73,RU,1627291190,42,60.4725,40.2213,23.21,4.72
Ryōtsu-minato,100,JP,1627291191,77,38.0833,138.4333,28.98,4.36
Nikolayevsk-on-Amur,99,RU,1627291191,95,53.1406,140.73,21.29,1.72
Tairua,91,NZ,1627291193,86,-37.0167,175.85,12.83,4.82
Poplar Bluff,40,US,1627291193,91,36.757,-90.3929,25.88,0.0
Manzhouli,89,CN,1627291194,62,49.6,117.4333,21.16,3.48
Rantepao,95,ID,1627291194,70,-2.9701,119.8978,23.34,1.37
Aden,9,YE,1627291195,68,12.7794,45.0367,29.46,7.27
Luanda,75,AO,1627291196,73,-8.8368,13.2343,24.0,1.03
Arrondissement de Dole,0,FR,1627291197,73,47.0833,5.5,22.09,3.6
Kil,0,SE,1627291199,56,59.5072,13.314,21.94,3.6
San Rafael,6,AR,1627291200,51,-34.6177,-68.3301,5.94,1.75
Maïné Soroa,100,NE,1627291201,64,13.2114,12.0241,28.37,7.02
Kautokeino,70,NO,1627291203,65,69.0125,23.0412,16.96,0.77
Santa Maria da Vitória,0,BR,1627291204,77,-13.3947,-44.1886,15.76,1.02
Kailua,75,US,1627291205,76,21.4022,-157.7394,26.99,5.14
Sola,90,VU,1627291207,100,-13.8833,167.55,25.37,0.0
Bac Lieu,89,VN,1627291031,61,9.285,105.7244,31.54,6.68
Kloulklubed,100,PW,1627291208,78,7.0419,134.2556,28.28,6.54
Cascais,20,PT,1627291208,67,38.6979,-9.4215,23.04,4.47
Vastse-Kuuste,0,EE,1627291210,37,58.1669,26.9343,26.91,1.68
Itaqui,100,BR,1627291211,93,-29.1253,-56.5531,17.2,2.16
Marabba,99,SD,1627291212,75,12.35,32.1833,24.96,7.06
Necochea,2,AR,1627291214,78,-38.5473,-58.7368,7.86,6.42
Vanavara,33,RU,1627291215,28,60.34,102.2797,31.44,3.92
Fort Collins,1,US,1627291217,79,40.5853,-105.0844,22.04,2.57
Kasongo-Lunda,99,CD,1627291217,22,-6.4667,16.8167,30.1,3.4
Butiama,98,TZ,1627291219,33,-1.7667,33.9667,24.05,3.07
São Raimundo Nonato,3,BR,1627291220,82,-9.0153,-42.6994,17.94,2.01
Nome,90,US,1627291222,93,64.5011,-165.4064,9.04,4.63
Goma,99,CD,1627291223,47,-1.6792,29.2228,22.61,2.88
Poum,9,NC,1627291225,69,-20.2333,164.0167,22.07,9.11
Porto-Novo,58,BJ,1627291225,64,6.4965,2.6036,27.34,4.73
Örnsköldsvik,0,SE,1627291227,44,63.2909,18.7153,26.53,5.14
Kudahuvadhoo,100,MV,1627291228,70,2.6708,72.8944,27.34,1.42
Waingapu,32,ID,1627291229,52,-9.6567,120.2641,28.24,3.94
Huilong,100,CN,1627291229,92,31.8111,121.655,25.58,13.22
Tura,100,IN,1627291114,83,25.5198,90.2201,28.67,1.16
Yarmouth,90,US,1627291229,93,41.7057,-70.2286,23.06,1.34
Solhan,0,TR,1627291230,17,38.9634,41.0293,33.22,6.95
Schieren,100,LU,1627291231,88,49.8306,6.0986,21.25,4.43
Parabel',87,RU,1627291232,76,58.6978,81.4825,23.95,2.96
Nguru,99,NG,1627291234,66,12.8791,10.4526,27.69,7.47
Hays,13,US,1627291236,90,30.0502,-98.0336,24.78,0.45
Lethem,100,GY,1627291237,93,3.3803,-59.7968,22.62,2.15
Winslow,1,US,1627291238,82,35.0242,-110.6974,18.1,2.06
Najrān,79,SA,1627291239,24,17.4924,44.1277,36.36,5.46
Wamba,100,NG,1627291240,86,8.9333,8.6,23.39,1.67
Bereda,62,ES,1627291241,96,43.2686,-7.5406,20.79,1.29
Tucumã,15,BR,1627291243,91,-0.1833,-50.05,23.78,2.34
Maputo,20,MZ,1627291244,56,-25.9653,32.5892,20.82,3.6
Presidencia Roque Sáenz Peña,100,AR,1627291246,86,-26.7852,-60.4388,16.27,3.69
Coffeyville,1,US,1627291248,94,37.0373,-95.6164,23.28,0.0
Dingle,98,PH,1627291248,77,10.9995,122.6711,28.34,6.6
Strezhevoy,100,RU,1627291249,93,60.7333,77.5889,12.99,5.12
Troy,1,US,1627291250,81,42.6056,-83.1499,20.96,0.89
Campbeltown,75,GB,1627291251,100,55.4258,-5.6076,19.75,4.12
Eyemouth,99,GB,1627291252,85,55.8713,-2.0901,21.58,0.89
Ati,100,TD,1627291253,67,13.2154,18.3353,27.1,4.83
Wakkanai,0,JP,1627291255,73,45.4094,141.6739,25.99,3.09
Ubon Ratchathani,99,TH,1627291255,74,15.1667,105.1667,31.94,6.19
São Miguel do Araguaia,75,BR,1627291255,53,-13.275,-50.1628,19.6,1.88
Okitipupa,100,NG,1627291256,78,6.5047,4.7839,24.77,1.45
Qeshm,7,IR,1627291258,54,26.9581,56.2719,38.93,4.91
Kushmurun,0,KZ,1627291259,31,52.4503,64.6311,22.63,4.47
Pozo Colorado,97,PY,1627291260,43,-23.4923,-58.7972,23.4,4.83
Soto la Marina,0,MX,1627291262,92,23.7667,-98.2167,22.97,0.83
Loandjili,75,CG,1627291263,78,-4.7561,11.8578,25.06,2.57
Ulaanbaatar,20,MN,1627291034,41,47.9077,106.8832,24.07,6.0
Mathathane,0,BW,1627291264,44,-22.2687,28.7495,16.66,5.88
Verkhnevilyuysk,58,RU,1627291266,46,63.4453,120.3167,27.39,3.31
Ushtobe,1,KZ,1627291267,9,45.2514,77.9838,41.57,6.16
Iki-Burul,99,RU,1627291267,29,45.8208,44.6472,33.19,7.23
Meulaboh,99,ID,1627291268,66,4.1363,96.1285,29.61,2.75
Doha,11,QA,1627291084,45,25.2867,51.5333,44.17,5.14
Sambava,91,MG,1627291269,70,-14.2667,50.1667,23.17,7.62
Xinmin,94,CN,1627291270,56,41.9908,122.8253,33.49,5.89
Santana do Livramento,100,BR,1627291270,98,-30.8908,-55.5328,14.8,3.57
Udachny,7,RU,1627291272,34,66.4167,112.4,29.91,5.26
Luwuk,81,ID,1627291273,80,-0.9516,122.7875,26.85,3.27
Chirongui,22,YT,1627291273,65,-12.9319,45.1483,25.96,11.17
Bassila,48,BJ,1627291275,73,9.0081,1.6654,24.82,2.57
Pahrump,84,US,1627291146,55,36.2083,-115.9839,24.03,2.92
Ferkessédougou,87,CI,1627291054,74,9.6,-5.2,25.56,3.83
Castrillón,22,ES,1627291277,66,43.3979,-6.7922,19.01,1.4
Predivinsk,2,RU,1627291278,30,57.0669,93.4378,31.99,4.6
Coihueco,90,CL,1627291279,100,-36.6167,-71.8333,6.41,4.12
Vila,2,PT,1627291281,76,42.0304,-8.1588,15.94,1.99
Phichit,100,TH,1627291282,93,16.25,100.4167,29.08,2.84
Adrar,1,MR,1627291282,14,20.5022,-10.0711,34.43,2.81
Muros,13,ES,1627291284,75,42.7762,-9.0603,21.8,2.7
Balyqshy,0,KZ,1627291285,20,47.0667,51.8667,31.0,7.0
Salinópolis,29,BR,1627291286,84,-0.6136,-47.3561,25.22,2.39
Ucluelet,25,CA,1627291287,92,48.9329,-125.5528,15.61,3.12
Oxelösund,0,SE,1627291288,60,58.6706,17.1015,25.29,6.69
Karpathos,20,GR,1627291289,83,35.507,27.2132,27.98,14.4
Gayny,92,RU,1627291291,59,60.3071,54.3241,16.92,3.13
Abalak,90,RU,1627291292,48,58.1286,68.5944,16.41,4.95
Gambēla,100,ET,1627291293,98,8.25,34.5833,19.99,0.91
Leshukonskoye,92,RU,1627291295,70,64.8989,45.7622,10.89,4.16
Mazamari,3,PE,1627291296,76,-11.3258,-74.5308,18.17,1.02
Bay City,1,US,1627291169,84,43.5945,-83.8889,19.26,3.09
Aracoiaba,6,BR,1627291298,94,-4.3711,-38.8142,20.17,1.23
Pitimbu,50,BR,1627291299,80,-7.4706,-34.8086,22.33,5.6
Orán,0,AR,1627291300,62,-23.1322,-64.326,13.52,0.6
Port Moresby,100,PG,1627291302,89,-9.4431,147.1797,23.78,6.08
Solnechnyy,99,RU,1627291302,94,50.7214,136.6319,21.83,1.36
Igrim,68,RU,1627291302,52,63.1906,64.4162,16.86,3.77
Kāvali,85,IN,1627291304,33,14.9167,79.9833,37.42,8.78
Santiago de Cao,2,PE,1627291304,92,-7.9589,-79.2392,17.58,4.33
Bonfim,100,BR,1627291305,90,3.0833,-59.95,23.08,1.37
Krasnosel'kup,90,RU,1627291307,63,65.7,82.4667,22.63,5.3
Saint-Leu,12,RE,1627291308,64,-21.15,55.2833,24.48,4.52
Hurricane,30,US,1627291310,64,37.1753,-113.2899,25.39,0.24
Cap-aux-Meules,75,CA,1627291311,88,47.3821,-61.8597,17.03,5.14
Excelsior Springs,7,US,1627291313,92,39.3392,-94.2261,22.69,0.0
Caparrapí,100,CO,1627291314,99,5.3464,-74.4915,16.89,1.22
Katangli,100,RU,1627291315,81,51.7102,143.2326,22.54,1.58
Salamanca,4,ES,1627291315,53,40.8333,-6.0,18.88,3.85
Vega de Alatorre,0,MX,1627291317,84,20.0333,-96.6333,25.12,1.72
Skegness,100,GB,1627291318,70,53.1436,0.3363,21.66,1.06
São Sebastião,0,BR,1627291319,49,-23.76,-45.4097,18.51,2.27
Itaituba,14,BR,1627291320,70,-4.2761,-55.9836,20.33,0.53
Borovskoy,7,KZ,1627291322,37,53.8,64.15,20.69,5.4
Usinsk,99,RU,1627291323,55,65.9939,57.5281,12.18,6.96
Nansio,87,TZ,1627291324,50,-2.1333,33.05,25.11,6.22
Pasān,100,IN,1627291045,62,22.85,82.2,29.95,4.68
São Gabriel da Cachoeira,100,BR,1627291327,99,-0.1303,-67.0892,21.45,0.84
Ocós,5,GT,1627291328,86,14.5094,-92.1933,26.49,2.31
Freeport,1,US,1627291329,93,40.6576,-73.5832,24.06,2.06
Kharp,42,RU,1627291330,47,66.8014,65.8081,14.16,3.06
Yumaguzino,3,RU,1627291331,28,52.9041,56.3933,22.61,4.42
Karlskrona,100,SE,1627291295,70,56.1616,15.5866,25.25,4.08
Ossora,84,RU,1627291333,92,59.2353,163.0719,15.01,2.54
Ranong,100,TH,1627291335,85,9.9658,98.6348,29.96,5.57
Berea,20,US,1627291215,90,41.3662,-81.8543,21.21,0.0
Lugovoy,0,KZ,1627291336,10,42.9472,72.7644,39.84,3.35
Saint-Louis,28,SN,1627291336,63,16.3333,-15.0,27.8,6.52
Jaqué,100,PA,1627291337,92,7.5175,-78.1703,24.3,2.4
Bahía Blanca,46,AR,1627291339,56,-38.7196,-62.2724,4.21,2.75
Myre,100,NO,1627291340,90,69.1036,15.9492,14.12,2.54
Thai Nguyen,59,VN,1627291341,54,21.5928,105.8442,34.88,1.97
Galesong,3,ID,1627291285,64,-5.3166,119.3661,29.01,1.3
Twentynine Palms,100,US,1627291342,71,34.1356,-116.0542,25.92,0.45
Shanting,77,CN,1627291342,77,35.0753,117.4578,28.57,7.05
Bontang,64,ID,1627291343,81,0.1333,117.5,27.77,4.77
Alegrete,100,BR,1627291343,97,-29.7831,-55.7919,16.5,2.63
Los Llanos de Aridane,40,ES,1627291344,92,28.6585,-17.9182,20.86,6.69
Bandarbeyla,20,SO,1627291345,42,9.4942,50.8122,31.74,12.9
Bratsk,13,RU,1627291347,35,56.1325,101.6142,29.27,1.83
Lewiston,90,US,1627291348,99,44.1003,-70.2148,19.35,1.54
Camapuã,0,BR,1627291349,45,-19.5314,-54.0439,17.72,0.39
Azul,72,AR,1627291351,62,-36.777,-59.8585,4.29,2.7
Neuquén,0,AR,1627291352,100,-38.9516,-68.0591,-0.06,1.54
Constantine,75,DZ,1627291354,17,36.365,6.6147,34.67,4.12
Muslyumovo,32,RU,1627291355,28,55.3033,53.1947,22.72,4.17
Ekuvukeni,2,ZA,1627291356,22,-28.4675,30.1551,15.12,1.36
Phan Thiet,70,VN,1627291260,64,10.9333,108.1,30.66,7.48
Coffs Harbour,57,AU,1627291358,87,-30.3,153.1333,11.74,2.57
Amboasary,18,MG,1627291358,66,-25.0333,46.3833,18.91,7.02
Jacareacanga,99,BR,1627291360,57,-6.2222,-57.7528,21.57,0.73
Iquitos,75,PE,1627291361,100,-3.7481,-73.2472,23.02,1.54
Margate,54,GB,1627291363,85,51.3813,1.3862,21.28,1.34
Skrunda,45,LV,1627291364,39,56.6833,22.0167,29.81,3.77
Marsá Maţrūḩ,3,EG,1627291365,58,31.3525,27.2453,28.28,5.18
Araguaçu,63,BR,1627291366,54,-12.9306,-49.8264,20.0,2.66
Cabra,0,ES,1627291368,57,37.4725,-4.4421,25.92,0.45
Noyabrsk,100,RU,1627291144,91,63.1994,75.4507,9.96,7.12
Opuwo,0,NA,1627291217,32,-18.0607,13.84,19.99,9.19
Bloemhof,14,ZA,1627291369,23,-27.6469,25.607,13.33,4.25
Athabasca,98,CA,1627291370,85,54.7169,-113.2854,14.9,2.98
Port-Gentil,40,GA,1627291371,74,-0.7193,8.7815,26.98,4.63
Puerto Carreño,100,CO,1627291373,95,6.189,-67.4859,23.12,1.6
Barañáin,40,ES,1627291374,53,42.8057,-1.6773,21.75,5.14
Valdemoro,0,ES,1627291375,64,40.1908,-3.6789,24.24,3.6
Fayaoué,76,NC,1627291377,68,-20.65,166.5333,23.47,7.4
Alpena,1,US,1627291377,82,45.0617,-83.4327,18.39,0.0
State College,1,US,1627291378,94,40.7934,-77.86,19.66,0.0
Naze,100,JP,1627291379,86,28.3667,129.4833,26.51,6.7
Springbok,100,ZA,1627291379,31,-29.6643,17.8865,16.32,9.26
Yaan,100,NG,1627291381,84,7.3833,8.5667,23.31,3.81
Marzuq,7,YE,1627291382,54,14.4,46.4667,27.94,3.41
Comodoro Rivadavia,0,AR,1627291104,56,-45.8667,-67.5,4.92,7.72
Salisbury,20,GB,1627291383,80,51.0693,-1.7957,22.68,2.06
Elmadağ,12,TR,1627291385,29,39.9208,33.2308,26.16,2.67
Abu Dhabi,42,AE,1627291341,23,24.4667,54.3667,44.06,5.14
Mattawa,11,US,1627291386,45,46.7379,-119.9028,25.98,5.49
Camopi,47,GF,1627291387,100,3.1655,-52.3158,20.96,0.39
Liverpool,40,GB,1627291388,76,53.4106,-2.9779,22.27,2.68
Vredendal,87,ZA,1627291390,21,-31.6683,18.5012,22.54,11.42
Howard Springs,62,AU,1627291391,73,-12.497,131.047,28.88,3.03
Jadu,0,LY,1627291392,21,31.953,12.0261,31.19,5.37
Jackson,1,US,1627291226,51,42.4165,-122.8345,24.93,0.0
Thohoyandou,69,ZA,1627291393,55,-22.9456,30.485,15.49,3.1
San Rafael del Sur,100,NI,1627291395,85,11.8485,-86.4384,24.33,3.25
São Félix do Xingu,77,BR,1627291396,63,-6.6447,-51.995,19.03,0.87
Basingstoke,75,GB,1627291147,74,51.2625,-1.0871,22.59,0.45
Haines Junction,99,CA,1627291397,81,60.7522,-137.5108,9.29,1.57
La Ronge,75,CA,1627291399,94,55.1001,-105.2842,12.14,1.03
Fonte Boa,100,BR,1627291400,97,-2.4959,-66.2662,22.27,0.6
Kardymovo,2,RU,1627291401,44,54.8902,32.4311,25.98,2.33
Boulder City,40,US,1627291402,78,35.9786,-114.8325,25.36,2.57
Guane,61,CU,1627291403,91,22.2025,-84.0875,24.32,1.03
Malakanagiri,87,IN,1627291404,62,18.35,81.9,31.51,4.93
Jiménez,61,MX,1627291295,47,28.3333,-105.4,25.07,1.58
Farafangana,64,MG,1627291404,66,-22.8167,47.8333,20.84,3.61
Adana Province,0,TR,1627291406,51,36.985,35.2881,34.29,3.09
Terråk,27,NO,1627291408,65,65.087,12.3715,13.93,0.31
Arrondissement de Cholet,33,FR,1627291409,79,47.1667,-1.0,20.58,3.27
Aksha,80,RU,1627291410,79,50.2814,113.2867,18.67,4.49
Kuusamo,75,FI,1627291391,59,65.9667,29.1833,18.02,4.63
Ekhabi,98,RU,1627291410,84,53.5102,142.9671,20.43,4.17
Moss Point,1,US,1627291412,100,30.4116,-88.5345,26.04,0.0
Saint-Chamond,40,FR,1627291413,60,45.4737,4.5254,22.08,1.54
Bathurst,94,AU,1627291414,91,-33.4166,149.5806,9.35,0.45
Caçador,48,BR,1627291414,85,-26.7753,-51.015,12.13,1.73
Guatire,91,VE,1627291416,97,10.4762,-66.5427,22.28,1.22
Kodinsk,10,RU,1627291417,26,58.6881,99.1844,32.66,3.31
Nacala,31,MZ,1627291418,45,-14.5428,40.6728,26.41,6.45
Bonthe,98,SL,1627291420,84,7.5264,-12.505,25.19,2.84
Tshikapa,93,CD,1627291166,20,-6.4167,20.8,30.4,4.86
Loíza,20,PR,1627291421,92,18.4313,-65.8802,25.99,0.0
Chegdomyn,100,RU,1627291422,99,51.1167,133.0167,18.9,0.73
Tashla,2,RU,1627291422,25,51.7716,52.7427,24.99,5.52
Sittingbourne,62,GB,1627291423,86,51.3413,0.7328,21.47,1.89
Abasha,5,GE,1627291425,53,42.2096,42.2211,30.12,2.98
Bytów,100,PL,1627291426,60,54.1706,17.4919,25.94,4.28
Atar,6,MR,1627291428,23,20.5169,-13.0499,34.83,6.84
Nelson Bay,0,AU,1627291303,65,-32.7167,152.15,15.56,0.89
Egvekinot,100,RU,1627291429,91,66.3167,-179.1667,7.2,1.48
Shiroishi,100,JP,1627291430,84,38.0033,140.6183,28.28,1.17
Buchanan,100,LR,1627291431,86,5.8808,-10.0467,24.32,2.42
Sayyan,72,YE,1627291375,40,15.1718,44.3244,22.82,4.07
West Bay,40,KY,1627291432,81,19.3667,-81.4167,27.82,2.29
Kanniyākumāri,95,IN,1627291253,76,8.0833,77.5667,28.25,10.81
Biak,79,ID,1627291433,76,-0.9131,122.8766,26.14,3.79
Tadine,78,NC,1627291433,64,-21.55,167.8833,21.26,6.76
Amasya Province,91,TR,1627291434,61,40.6667,35.8333,27.82,2.34
Matamoros,8,MX,1627291435,37,25.5333,-103.25,25.62,1.47
Berdigestyakh,8,RU,1627291436,45,62.0989,126.6992,28.84,2.33
Gold Coast,100,AU,1627291380,71,-28.0,153.4333,16.54,0.51
Honiara,98,SB,1627291438,88,-9.4333,159.95,25.74,2.74
Brønnøysund,90,NO,1627291438,94,65.4625,12.1997,18.29,3.09
Sokone,83,SN,1627291439,68,13.8833,-16.3667,28.94,3.24
Gamba,77,GA,1627291440,75,-2.65,10.0,24.24,2.88
Rocha,93,UY,1627291442,93,-34.4833,-54.3333,10.99,3.34
Chuzhou,100,CN,1627291443,96,32.3219,118.2978,25.33,7.49
Ust-Nera,88,RU,1627291443,70,64.5667,143.2,14.64,1.29
Puqi,53,CN,1627291445,70,29.7167,113.8833,30.86,3.78
Machakos,69,KE,1627291445,39,-1.5167,37.2667,20.97,3.68
Şabyā,85,SA,1627291447,62,17.1495,42.6254,33.79,3.39
Itoman,75,JP,1627291448,89,26.1247,127.6694,30.22,5.66
Cândido Mota,1,BR,1627291448,41,-22.7464,-50.3869,14.13,2.13
Parry Sound,0,CA,1627291449,88,45.3501,-80.033,20.51,2.27
Loa Janan,80,ID,1627291450,69,-0.583,117.095,28.4,2.6
Kawalu,9,ID,1627291450,45,-7.3817,108.2082,29.71,2.7
Maniitsoq,100,GL,1627291451,70,65.4167,-52.9,8.74,6.87
Diré,76,ML,1627291452,85,12.2833,-10.9667,25.83,0.66
Buin,37,CL,1627291454,91,-33.7333,-70.75,10.96,0.97
Galveston,0,US,1627291455,91,29.3669,-94.9669,27.75,3.46
Vallenar,0,CL,1627291456,69,-28.5708,-70.7581,8.51,0.83
Marystown,2,CA,1627291457,90,47.1666,-55.1483,12.01,0.39
Saint Anthony,20,US,1627291458,76,45.0205,-93.218,23.96,0.89
Mbengwi,99,CM,1627291459,79,6.0167,10.0,19.7,2.1
Krasnoarmeysk,6,RU,1627291461,32,51.0239,45.6969,26.2,2.72
San Policarpo,100,PH,1627291462,67,12.1791,125.5072,30.32,4.29
La Plata,27,AR,1627291462,97,-34.9215,-57.9545,9.99,4.07
Āsosa,100,ET,1627291463,97,10.0667,34.5333,14.85,1.17
Teya,87,RU,1627291465,29,60.3778,92.6267,31.47,4.51
Semporna,55,MY,1627291466,73,4.4818,118.6112,29.11,3.98
Luoyang,3,CN,1627291466,54,34.6836,112.4536,33.35,1.69
Shitanjing,70,CN,1627291467,27,39.2342,106.3439,28.13,3.55
Canarana,15,BR,1627291467,94,-11.6847,-41.7689,13.87,3.09
Maraã,100,BR,1627291468,96,-1.8333,-65.3667,22.46,0.59
Diamantino,8,BR,1627291470,55,-14.4086,-56.4461,19.17,3.11
Sanandij,2,IR,1627291219,12,35.3144,46.9923,37.22,0.86
Murgab,0,TM,1627291471,15,37.4966,61.9714,42.93,9.26
Aasiaat,100,GL,1627291473,86,68.7098,-52.8699,3.93,5.56
Monte Azul,0,BR,1627291474,94,-15.155,-42.8747,13.02,2.23
Graaff-Reinet,70,ZA,1627291476,22,-32.2522,24.5308,18.84,8.56
Aswān,0,EG,1627291477,16,24.0934,32.907,36.92,5.49
Kapoeta,96,SS,1627291478,49,4.7717,33.5903,26.03,5.7
Bhāyāvadar,100,IN,1627291480,78,21.85,70.25,27.62,7.03
San Diego,90,US,1627291480,85,32.7153,-117.1573,22.56,1.54
Baiyin,95,CN,1627291481,30,36.5583,104.2081,25.49,4.69
Flagstaff,75,US,1627291481,95,35.1981,-111.6513,14.67,1.79
Zarautz,71,ES,1627291482,72,43.2844,-2.1699,22.91,2.25
Hay River,40,CA,1627291484,82,60.8156,-115.7999,10.99,2.57
Frederiksværk,100,DK,1627291485,69,55.9707,12.0225,26.21,4.02
Muravlenko,100,RU,1627291486,57,63.7898,74.523,14.59,7.23
Tucupita,100,VE,1627291488,99,9.0622,-62.051,22.19,1.13
Mugango,91,TZ,1627291489,36,-1.6833,33.7,25.62,3.9
Puksoozero,100,RU,1627291491,92,62.5903,40.6066,15.61,3.91
Sooke,15,CA,1627291492,94,48.3746,-123.7276,16.36,16.98
Esna,0,EG,1627291374,16,25.2934,32.554,36.09,5.43
São Bento,0,BR,1627291493,86,-6.2833,-37.75,18.99,3.67
Staroshcherbinovskaya,41,RU,1627291494,36,46.6311,38.6742,31.05,5.23
Morondava,89,MG,1627291496,46,-20.2833,44.2833,23.57,3.15
Laredo,1,US,1627291497,83,27.5064,-99.5075,26.03,2.57
Bariloche,0,AR,1627291498,68,-41.1456,-71.3082,-3.14,0.0
Chimbarongo,99,CL,1627291499,88,-34.7,-71.05,8.18,0.67
Ialibu,100,PG,1627291501,100,-6.2821,143.9935,13.53,0.55
Campoverde,3,PE,1627291501,81,-8.4753,-74.8058,20.33,0.49
São Sepé,100,BR,1627291305,97,-30.1606,-53.5653,19.97,1.37
Corrente,18,BR,1627291503,99,-3.7367,-43.3394,20.22,0.2
Iberia,1,US,1627291504,100,29.9502,-91.7507,27.04,2.06
Novikovo,2,RU,1627291505,36,51.1537,37.8879,27.11,2.73
Chicama,3,PE,1627291506,92,-7.8447,-79.1469,17.41,2.02
Green Valley,16,US,1627291508,84,31.8543,-110.9937,23.34,1.25
Santa Isabel,0,BR,1627291509,56,-23.3156,-46.2214,17.59,0.91
Suez,0,EG,1627291510,43,29.9737,32.5263,32.35,3.47
Ilebo,91,CD,1627291511,20,-4.3167,20.5833,32.35,3.05
Rakovski,0,BG,1627291513,24,42.3,24.9667,32.81,1.41
Shibetsu,75,JP,1627291514,83,43.659,145.132,21.39,3.6
Chubbuck,1,US,1627291514,43,42.9208,-112.4661,18.82,0.89
Kindu,32,CD,1627291515,29,-2.95,25.95,31.5,3.28
Parfino,5,RU,1627291516,40,57.9731,31.6481,25.68,1.44
Guaraniaçu,17,BR,1627291518,68,-25.1008,-52.8781,13.31,1.41
Seoul,0,KR,1627291010,49,37.5683,126.9778,34.42,5.14
Anchorage,90,US,1627291519,78,61.2181,-149.9003,14.43,1.54
Rajapolah,11,ID,1627291521,39,-7.221,108.1896,29.82,2.11
Rosarito,86,MX,1627291521,86,32.3333,-117.0333,21.33,1.59
Monsummano Terme,55,IT,1627291522,56,43.8704,10.8123,31.1,1.34
Sobolevo,5,RU,1627291523,45,54.4299,31.8996,26.23,2.97
Basoko,86,CD,1627291524,48,1.2391,23.616,31.04,1.95
Tīra Sujānpur,100,IN,1627291526,78,31.8333,76.5,28.87,0.37
Puerto Madryn,3,AR,1627291526,55,-42.7692,-65.0385,4.28,9.32
Paka,20,MY,1627291527,84,4.6374,103.4368,29.96,3.6
Wilmington,40,US,1627291527,96,34.2257,-77.9447,27.14,0.0
Feijó,55,BR,1627291528,87,-8.1642,-70.3536,21.45,0.87
Cabinda,69,AO,1627291530,69,-5.55,12.2,24.89,2.97
Lesogorsk,99,RU,1627291531,29,56.0458,99.5136,30.73,3.43
Altay,50,CN,1627291534,19,47.8667,88.1167,31.97,8.25
Nizhneudinsk,9,RU,1627291534,29,54.9076,99.0276,29.71,4.67
Dongsheng,99,CN,1627291535,34,39.8161,109.9776,26.47,9.09
Cleja,0,RO,1627291535,47,46.4167,26.9,28.8,6.17
Sovetskiy,47,RU,1627291537,37,61.3614,63.5842,19.93,3.59
Boissevain,2,CA,1627291538,44,49.2306,-100.0559,15.36,2.89
Muscat,34,OM,1627291539,47,23.6139,58.5922,39.01,5.01
Charters Towers,86,AU,1627291540,27,-20.1,146.2667,17.91,3.92
Gijón,19,ES,1627291541,76,43.5357,-5.6615,23.03,1.79
Mumbwa,7,ZM,1627291542,38,-14.9783,27.0619,17.65,5.44
Fuengirola,20,ES,1627291543,51,36.54,-4.6247,29.09,6.69
Jiexiu,94,CN,1627291544,55,37.0244,111.9125,29.14,1.7
Mpanda,5,TZ,1627291545,32,-6.3655,31.0409,23.41,3.32
Måløy,100,NO,1627291546,86,61.9353,5.1136,22.78,3.3
Zaragoza,0,ES,1627291547,53,41.6561,-0.8773,23.95,3.58
Sibu,40,MY,1627291250,74,2.3,111.8167,29.17,3.09
Tcholliré,100,CM,1627291549,72,8.4022,14.1698,26.76,1.7
Nauta,88,PE,1627291550,98,-4.5061,-73.5757,21.59,1.14
Saint-Joseph,1,RE,1627291551,63,-21.3667,55.6167,24.21,5.45
Malmyzh,38,RU,1627291553,38,56.5205,50.6818,22.42,4.25
Prokop'yevsk,68,RU,1627291554,46,53.9059,86.719,29.12,3.96
Ploemeur,75,FR,1627291555,83,47.7333,-3.4333,20.33,4.12
Sonoita,93,MX,1627291557,67,31.85,-112.8333,25.85,2.19
Sawtell,59,AU,1627291558,90,-30.3833,153.1,12.18,2.57
Sabzawār,20,IR,1627291558,16,36.2126,57.6819,38.6,7.2
Lumajang,0,ID,1627291559,59,-8.1335,113.2248,27.91,2.04
Mugur-Aksy,76,RU,1627291560,42,50.35,90.5,19.81,2.8
Beyşehir,2,TR,1627291560,35,37.6773,31.7246,26.1,2.34
Bahía Honda,69,CU,1627291561,81,22.9036,-83.1592,24.57,1.37
Suntar,1,RU,1627291562,29,62.1444,117.6319,32.09,2.54
Acaraú,75,BR,1627291563,82,-2.8856,-40.12,24.07,6.97
Lesosibirsk,0,RU,1627291565,28,58.2358,92.4828,32.4,4.24
San Isidro,75,PE,1627291546,92,-12.1167,-77.05,16.25,0.45
Zhigansk,45,RU,1627291566,79,66.7697,123.3711,20.46,4.45
Brae,100,GB,1627291568,96,60.3964,-1.353,14.95,5.76
Watertown,90,US,1627291569,94,42.3709,-71.1828,22.2,0.45
Boa Vista,75,BR,1627291570,88,2.8197,-60.6733,23.99,1.54
Arcata,90,US,1627291571,75,40.8665,-124.0828,12.85,3.13
Tsimmerbude,76,RU,1627291572,55,54.675,20.1347,27.03,5.63
Nyzhnya Duvanka,9,UA,1627291573,40,49.5846,38.1743,28.27,4.32
Weyburn,3,CA,1627291574,59,49.6668,-103.8511,16.12,4.12
Ambanja,59,MG,1627291575,36,-13.6833,48.45,26.96,3.02
Port Said,0,EG,1627291577,71,31.2565,32.2841,26.61,2.96
Ruidoso,40,US,1627291578,88,33.3317,-105.673,17.06,2.06
Baghdad,0,IQ,1627291579,13,33.3406,44.4009,46.95,7.72
Binzhou,53,CN,1627291580,59,37.3667,118.0167,30.83,7.78
Kyra,85,RU,1627291580,71,49.5776,111.9753,19.02,2.49
Fort Frances,1,CA,1627291580,73,48.5999,-93.4003,14.47,0.0
Dawson Creek,1,CA,1627291581,67,55.7666,-120.2362,12.8,2.06
Ferrol,32,ES,1627291545,88,43.4832,-8.2369,21.87,1.13
Araxá,0,BR,1627291582,66,-19.5933,-46.9406,11.98,3.6
Aljezur,78,PT,1627291584,79,37.3191,-8.8033,21.13,4.93
Boyabat,5,TR,1627291585,42,41.4689,34.7667,26.0,1.34
Toktogul,0,KG,1627291586,27,41.8708,72.9402,35.32,2.38
Umm Kaddadah,100,SD,1627291586,53,13.6017,26.6876,28.87,5.97
Lamar,1,US,1627291587,93,33.6668,-95.5836,25.81,0.0
Ponte de Sôr,4,PT,1627291588,54,39.2496,-8.0101,24.77,3.12
Mahon,0,ES,1627291590,61,39.8885,4.2658,27.31,7.2
Lukang,100,TW,1627291591,70,24.0567,120.4352,33.58,7.85
Cedral,3,MX,1627291591,86,23.8,-100.7333,17.37,4.25
Cleveland,20,US,1627291592,86,41.4995,-81.6954,21.48,0.0
Zyryanka,25,RU,1627291593,43,65.75,150.85,16.26,3.08
Petrove,39,UA,1627291594,32,48.3247,33.2562,31.06,4.73
Luganville,32,VU,1627291595,86,-15.5333,167.1667,25.66,3.56
Mondeville,75,FR,1627291596,83,49.175,-0.3224,20.41,5.14
Minsk,100,BY,1627291597,48,53.9,27.5667,28.86,4.21
Rivera,100,UY,1627291598,98,-30.9053,-55.5508,14.89,3.58
Satānā,95,IN,1627291600,68,20.5833,74.2,27.83,9.09
Aberystwyth,6,GB,1627291600,76,52.4155,-4.0829,22.66,1.75
Balāngīr,100,IN,1627291457,48,20.7167,83.4833,33.54,6.06
Urengoy,100,RU,1627291602,94,65.9667,78.3667,10.81,6.09
Lincoln,1,US,1627291603,95,40.8,-96.667,22.38,1.34
Gboko,100,NG,1627291604,81,7.3179,8.9951,23.55,5.25
Jiwani,23,PK,1627291605,79,25.05,61.7417,29.67,3.32
Catia La Mar,40,VE,1627291607,83,10.6038,-67.0303,24.11,1.03
Mpongwe,17,ZM,1627291608,35,-13.5091,28.155,18.52,5.61
Moerai,97,PF,1627291609,82,-22.4333,-151.3333,23.9,5.73
Khlung,98,TH,1627291611,73,12.4547,102.2214,30.18,4.64
Lucea,62,JM,1627291611,79,18.451,-78.1736,26.92,1.21
Kintampo,36,GH,1627291612,71,8.0563,-1.7306,24.86,3.14
Mingshui,65,CN,1627291613,59,36.7167,117.5,31.32,3.2
Supatá,99,CO,1627291613,93,5.061,-74.2372,13.85,2.15
Yuanping,100,CN,1627291615,61,38.7153,112.7575,27.64,1.47
Totolapan,11,MX,1627291615,96,18.5167,-96.1833,24.4,1.49
Mazurivka,95,UA,1627291617,65,49.2745,24.2123,25.45,3.81
Usevya,5,TZ,1627291455,37,-7.1,31.2333,23.28,4.42
Agüimes,20,ES,1627291618,73,27.9054,-15.4461,22.59,13.38
Tuy Hoa,83,VN,1627291559,50,13.0833,109.3,33.94,4.93
Madimba,27,TZ,1627291619,46,-10.4,40.3333,26.83,6.32
Shache,0,CN,1627291621,12,38.4167,77.2406,40.16,4.74
Bukama,48,CD,1627291621,25,-9.2,25.85,26.24,2.55
Novopokrovka,0,UA,1627291622,28,49.8425,36.5477,29.21,4.08
Talara,38,PE,1627291624,86,-4.5772,-81.2719,18.86,7.23
Banikoara,100,BJ,1627291345,90,11.2985,2.4386,23.07,2.14
Rincon,1,US,1627291625,94,32.296,-81.2354,28.25,2.57
Kenora,40,CA,1627291626,59,49.8167,-94.4337,18.54,1.03
Dondo,99,MZ,1627291627,76,-19.6094,34.7431,18.73,3.58
Little Current,56,CA,1627291628,77,45.9793,-81.9248,20.05,2.69
Mabamba,98,TZ,1627291629,34,-3.5983,30.5019,22.31,3.56
Digby,100,CA,1627291631,97,44.6169,-65.7655,17.61,4.12
Charyshskoye,63,RU,1627291631,58,51.3978,83.5598,26.79,3.88
Bambanglipuro,48,ID,1627291632,68,-7.95,110.2833,27.04,4.45
Sawākin,37,SD,1627291632,37,19.1059,37.3321,38.96,4.35
San Juan,0,AR,1627291633,50,-31.5375,-68.5364,7.74,4.21
Kysyl-Syr,94,RU,1627291634,48,63.8986,122.7617,26.68,1.81
Mehndāwal,100,IN,1627291449,65,26.9753,83.1117,32.25,2.28
Rawicz,98,PL,1627291636,63,51.6095,16.8585,24.12,2.17
Lyubech,32,UA,1627291637,44,51.7026,30.6569,27.25,2.85
Datong,96,CN,1627291639,39,40.0936,113.2914,28.14,4.07
Kupang,40,ID,1627291639,69,-10.1667,123.5833,27.32,3.6
Xique-Xique,0,BR,1627291639,74,-10.8218,-42.7263,18.78,6.8
Benghazi,0,LY,1627291524,59,32.1167,20.0667,28.36,5.19
Boyuibe,81,BO,1627291641,73,-20.4167,-63.2833,16.78,1.5
Ochakiv,0,UA,1627291642,48,46.6128,31.5498,30.08,2.59
Nizwá,71,OM,1627291643,24,22.9333,57.5333,40.1,3.59
Balclutha,100,NZ,1627291644,98,-46.2339,169.75,7.78,1.41
Monte Alegre,51,BR,1627291645,79,-2.0078,-54.0692,21.85,1.87
Manadhoo,98,MV,1627291646,74,5.7667,73.3833,28.35,5.31
Poso,31,ID,1627291646,70,-1.3959,120.7524,28.63,1.1
Niquelândia,72,BR,1627291647,61,-14.4739,-48.4597,16.93,1.37
Kampot,66,KH,1627291648,72,10.6167,104.1833,31.03,6.76
Kuala Terengganu,20,MY,1627291648,79,5.3302,103.1408,30.97,1.54
Oruzgan,0,AF,1627291648,9,32.8333,66.0,37.88,2.0
Ghanzi,8,BW,1627291649,38,-21.5667,21.7833,14.49,6.25
Tocopilla,12,CL,1627291650,79,-22.092,-70.1979,14.3,2.7
Tahoua,0,NE,1627291652,70,14.8888,5.2692,28.99,4.12
Lufilufi,37,WS,1627291653,77,-13.8745,-171.5986,22.88,6.46
Fandriana,100,MG,1627291654,92,-20.2333,47.3833,10.04,1.43
Lázaro Cárdenas,81,MX,1627291656,90,17.9583,-102.2,25.72,1.35
Pital,100,CO,1627291657,82,2.2665,-75.8044,18.91,1.94
Makat,0,KZ,1627291658,19,47.6469,53.3463,30.94,6.74
Hermiston,1,US,1627291660,55,45.8404,-119.2895,24.54,0.0
Farah,0,AF,1627291661,7,32.5,62.5,41.33,3.22
Uyuni,42,BO,1627291662,69,-20.4597,-66.825,1.4,4.63
Easthampton,90,US,1627291664,97,42.2668,-72.669,21.16,0.0
Anshun,82,CN,1627291579,69,26.25,105.9333,25.23,1.45
São João do Paraíso,22,BR,1627291665,98,-15.3136,-42.0144,12.07,2.28
Janaúba,0,BR,1627291666,83,-15.8025,-43.3089,13.96,2.94
El Tocuyo,96,VE,1627291668,96,9.7873,-69.7937,20.24,1.55
Fare,40,PF,1627291669,74,-16.7,-151.0167,25.62,5.4
Vicuña,0,CL,1627291670,75,-30.0319,-70.7081,4.85,0.53
Corinth,0,GR,1627291672,37,37.9407,22.9573,33.01,4.27
Dvinskoy Bereznik,100,RU,1627291673,97,62.8551,42.7072,13.82,3.11
Betsiamites,99,CA,1627291674,98,48.9413,-68.646,15.27,0.31
Novyy Yegorlyk,31,RU,1627291675,22,46.3927,41.8716,33.38,7.01
Prince Rupert,90,CA,1627291676,100,54.3161,-130.3201,13.05,1.54
Kano,81,NG,1627291501,69,12.0001,8.5167,26.71,6.42
Ust'-Kut,58,RU,1627291678,26,56.7938,105.7672,31.43,3.41
Gizo Government Station,32,SB,1627291679,75,-8.103,156.8419,27.67,1.77
Rocky Mountain House,95,CA,1627291681,94,52.3668,-114.9188,12.86,2.06
Ko Samui,20,TH,1627291682,70,9.5357,99.9357,32.95,5.14
Wasilla,90,US,1627291682,85,61.5814,-149.4394,13.92,0.0
Ribas do Rio Pardo,0,BR,1627291683,47,-20.4431,-53.7592,17.39,2.26
Kaarina,0,FI,1627291685,42,60.4072,22.369,27.27,1.54
Non Sung,100,TH,1627291686,80,15.1801,102.2569,31.4,6.74
Guarujá,0,BR,1627291686,26,-23.9931,-46.2564,22.31,2.23
Coruripe,66,BR,1627291687,88,-10.1256,-36.1756,22.28,3.57
Altamira,24,BR,1627291456,72,-3.2033,-52.2064,20.19,0.77
Mosetse,1,BW,1627291689,34,-20.75,26.65,15.92,6.78
Port Shepstone,9,ZA,1627291646,42,-30.7414,30.455,18.51,6.66
Ulladulla,100,AU,1627291485,61,-35.35,150.4667,14.5,5.68
Polignano a Mare,96,IT,1627291691,41,40.9959,17.2159,36.73,3.17
Balgarovo,0,BG,1627291692,47,42.6214,27.3046,27.83,3.6
Jurbarkas,62,LT,1627291693,45,55.0778,22.7664,27.32,5.3
Eyl,67,SO,1627291694,40,7.9803,49.8164,31.72,13.19
Bima,2,ID,1627291696,52,-8.4667,118.7167,29.45,1.52
The Pas,90,CA,1627291696,100,53.8251,-101.2541,13.01,0.84
Carberry,100,CA,1627291697,57,49.8689,-99.3602,15.36,1.4
Harlingen,1,US,1627291698,99,26.1906,-97.6961,26.66,1.54
Mtambile,64,TZ,1627291698,67,-5.3833,39.7,24.29,9.08
Dalianwan,20,CN,1627291700,55,39.0286,121.695,31.02,6.0
Otjiwarongo,14,NA,1627291700,31,-20.4637,16.6477,17.21,8.85
Jambi City,9,ID,1627291476,46,-1.6,103.6167,32.42,1.94
Kabinda,88,CD,1627291702,24,-6.1333,24.4833,27.09,4.8
Aykhal,2,RU,1627291635,34,66.0,111.5,29.16,5.29
Maiduguri,99,NG,1627291619,72,11.8464,13.1603,26.37,6.4
Kiama,100,AU,1627291703,64,-34.6833,150.8667,15.77,3.58
Conde,75,BR,1627291704,94,-7.2597,-34.9075,21.7,2.06
Ottawa,1,CA,1627291672,95,45.4112,-75.6981,17.77,3.09
Shellbrook,100,CA,1627291706,59,53.2168,-106.4011,14.57,2.82
Kattivākkam,85,IN,1627291707,45,13.2167,80.3167,36.05,3.26
Harvard,0,US,1627291707,85,42.4222,-88.6137,20.51,3.09
Davenda,99,RU,1627291707,61,53.5556,119.317,20.99,4.42
